OBJECT_ID,NO2_ShapEffect,Resp_Risk_ShapEffect,NPL_Prox_ShapEffect,Traffic_Prox_ShapEffect,Noise_Level_ShapEffect,SVI_Overall_ShapEffect
1,0.0009389660106130826,0.0010332059855288633,0.0010343648038771678,0.0010636012963757483,0.0010878079590892625,0.0011940607543570571
2,0.0008491450885705159,0.000918165796879728,0.000908143396840457,0.0010591034614142916,0.0010765212591744493,0.00122646721762733
3,0.0007961113895791739,0.000856412455857227,0.0009711730902994623,0.0009470461628209257,0.0010902425671210254,0.0012439684622390262
4,0.0008512129565397591,0.0009595268415310095,0.0008882084252305797,0.0010786810021118781,0.001083198673523264,0.0010700737583552963
5,0.000950749894175992,0.0009673687698170902,0.0010387705318849123,0.0010652750335176234,0.001028045433212589,0.0014678118149650272
6,0.0009057502688204913,0.0009292311511034795,0.0009652078421223238,0.0010817744357176514,0.0011296827314732493,0.0013147576765885343
7,0.0009339645148793672,0.0010830219411171503,0.0010316960648911128,0.0010659931141771177,0.001130981852266239,0.001317929258361579
8,0.0009462576427499367,0.0009291624330483089,0.0010004281806390374,0.0010903468470030285,0.0011029534257586734,0.0009753545797358031
9,0.0009456680951706624,0.0009085145776454079,0.001196777961092639,0.0010448034935773656,0.001021530503528115,0.0010663362050309468
10,0.0009053776624461789,0.001060891007556137,0.0012338600424751643,0.0011576202699783425,0.0010532746694917894,0.0012604883473037814
11,0.0009388228666687521,0.0009619922566638389,0.001036644322059014,0.0011267624356945205,0.0010974491315344607,0.0011067873930681435
12,0.001056589300692468,0.0009318381146527566,0.0010787513703514773,0.0011572793928584638,0.0011662120023147825,0.0018479678043482042
13,0.0008858141814832828,0.0010072297898886405,0.0010008116914172298,0.0010111566809505692,0.0010747178689389644,0.001227994058122117
14,0.0009327170986442639,0.0009477795879767573,0.0010163004202884108,0.001119931248143147,0.0010920345655675305,0.001036410583790447
15,0.0009952487100165766,0.0009192515464422306,0.0010026165456077242,0.0011386584914658106,0.0011327903615906316,0.0010294133090805397
16,0.0009232603817785725,0.0008983379448754647,0.0010649706788845622,0.0010708055476208371,0.0010823215548926189,0.0010027298433267526
17,0.0009342475039361602,0.0009539430408139827,0.001055840751973007,0.0009921504879096446,0.0009548712710171368,0.0011735616630325298
18,0.0009850179909061591,0.0008755050317958981,0.0009684573280928505,0.0011650443449123596,0.001107607887163422,0.001249846115226199
19,0.0009797236446890002,0.000906197840785988,0.0010091220745124287,0.0010578862336641898,0.0011101240130678698,0.0010100705208091214
20,0.0008833913232902031,0.0009265248338772129,0.0010437327352849925,0.0009736805529963833,0.000926316802523849,0.0015680841437820904
21,0.0009569301767281876,0.0008701869021751785,0.0010622124091592207,0.0009921215471636572,0.0009603187107792019,0.001234342639422874
22,0.001022114534612101,0.0009900067953064957,0.0009750016872958128,0.0011737928610876947,0.0010759702255839947,0.0012884348570525914
23,0.0010331953445182195,0.0011176579224736376,0.001008051509155918,0.0011662793518781188,0.0010419744837673948,0.001110958927863942
24,0.0011546313795416756,0.0011344925005403737,0.0011844100349426997,0.0011685275974438211,0.001094172186196911,0.0012821873912215761
25,0.0008853987568940875,0.0012376914690510124,0.001081293325792274,0.0009548571269848843,0.0008808492031123539,0.0014449599093103206
26,0.001065092424147575,0.0010245271405166423,0.0010548663288567788,0.0011035544064820378,0.0011280324103763947,0.0015267956600293633
27,0.0009082395695947096,0.000926469421908022,0.001073259596740646,0.000977831393061443,0.0010250436289883217,0.0012200631733734193
28,0.000670404118431903,0.0007530998216146308,0.0009277423731516532,0.0009047583635477035,0.0010508576736915339,0.0011619915639757119
29,0.0008738885162259824,0.0009288083628890031,0.0010180115461426583,0.00097761860217739,0.0009301851836479941,0.0011690248979832907
30,0.0008234373653840422,0.0009264784324348165,0.0011879376336569485,0.0011796659101693785,0.0011196403597824845,0.0015891103295899247
31,0.0010188207924029093,0.0009779347944560497,0.0010002027311148383,0.001026567902520654,0.0010881373244868591,0.0010793989104082046
32,0.0010121369182840127,0.001058083725293063,0.0011403506199861102,0.0011011068088693202,0.001130392702181306,0.0015641783058860334
33,0.0008455085641717996,0.0009394273445887675,0.0010433669562580376,0.0009907744043050315,0.0011012013538870442,0.0012541202124824488
34,0.0006453948734926829,0.0006667914342196623,0.0010067907275987222,0.0008874827283546867,0.0010068072042014552,0.0012432975723111125
35,0.0006798116839074247,0.0007140655306376574,0.0009831459224922067,0.0009087993815908345,0.0009328682259378903,0.001276175470633889
36,0.0007698041186395734,0.0012078626569234938,0.001214046713396752,0.0010394464720377855,0.0010979249936496683,0.0016417958575151198
37,0.0009962118014447943,0.0008894595502278987,0.0011942967942404408,0.001043940644039471,0.0011029450307911159,0.0010400092501991792
38,0.0009114860246303158,0.0008728888055395789,0.0010610257027198098,0.0009764630705168592,0.000967439446767792,0.0010669905718364004
39,0.0007290913817093814,0.000792388497447437,0.0010180302756378791,0.0009217337393635282,0.001075773445337726,0.001223008021755925
40,0.0008523873825835481,0.000877569961455989,0.0012197333352607419,0.0009449869814221271,0.0010793377839029353,0.0010331907141477544
41,0.0008847765836725631,0.000710304857182984,0.001161321172757773,0.0011085017766603506,0.0011216423195030592,0.001690299905763732
42,0.0008672983940011534,0.0009117229404160509,0.0010433258586743746,0.0009838733880841914,0.0010046288137137112,0.0011887257057011918
43,0.0008657021467747044,0.0008776350955634388,0.0010684826948905832,0.0009847609810078707,0.0010761488752433668,0.0012211649007975382
44,0.0009883804858712402,0.0009604498636082339,0.0010195091173860712,0.0010813503194811295,0.0010846882775607518,0.0011075588454818193
45,0.0009160301328517145,0.0008777597580248246,0.0010114722432613427,0.0011609427882689895,0.0011144948027517593,0.001543559576967776
46,0.0009637958493845932,0.0009796970659235174,0.0012176007423504102,0.0010479636430086496,0.0011317176683398947,0.0012508923180316336
47,0.0007060205185536062,0.001146860468039291,0.0011952708364036972,0.0009314330195700476,0.001026146820175332,0.0015195018880771445
48,0.0008863335266863361,0.0009400197754167877,0.0010538981632904618,0.0010551943671791718,0.0011219350454740795,0.0011782030368951957
49,0.000637913144885649,0.0007441013971130868,0.0010288050494583118,0.0008873421777249543,0.0008711806442213969,0.001240094693340161
50,0.0009971601760970566,0.0008759902305496117,0.0010423008149101195,0.001071478582544365,0.001071814816291237,0.0012062334948099366
51,0.0007526373370543519,0.0012870856813338724,0.0011745678343046458,0.0010314247113138186,0.0010773230482637106,0.001216174804785849
53,0.0007689023843327723,0.0010227015828182362,0.0011688517653305188,0.00105506549940906,0.0011081395591719645,0.0012171338765388704
54,0.0010805772067977552,0.001269327690044995,0.001174502423332513,0.0012049756361325954,0.001135459545444904,0.0013238901041783507
55,0.0007298564760419316,0.0007880423347527796,0.0010219999373644179,0.0009213040926637646,0.0010894655993952571,0.0012027559035748595
57,0.0009106968890004293,0.0008342289237649194,0.0011108046900564549,0.0009233508119167026,0.0009947180471836278,0.0012008215992617363
58,0.000914595443275382,0.0007440656974979348,0.0010479430300849234,0.0010412647627252305,0.001089390420450027,0.001265471687306796
60,0.001025463571135943,0.0012573809550020176,0.0011713221586561091,0.0010386788479558866,0.0010963463272828764,0.0012322255723070173
61,0.0009904511770315722,0.0008320247524161179,0.001155109858776055,0.0010145743846916007,0.0011224935315853864,0.0012117431907586133
62,0.0011143719443653488,0.0009060511258558831,0.0010410606522849868,0.0010903468431434217,0.0011083354302145695,0.0010017949270693604
63,0.0008646294803401435,0.0008598485385620362,0.0010358955108501898,0.0010528310584441707,0.0010779464060046656,0.0010416119303003637
64,0.0006723901796913073,0.0011861155833443099,0.0010155722429839534,0.0009007349762222064,0.001082688542310614,0.0012113729261385526
65,0.0008717992989313095,0.0012048295972917629,0.0010463560222369467,0.0010280362923242067,0.0011282106053045846,0.001238389519218145
66,0.0008944933009659357,0.001211815883960833,0.0010548785610512005,0.0009953193433795801,0.0011285958558774243,0.0010117262653740625
67,0.0009820267965244035,0.0012241402376483546,0.0011860132700355673,0.0011536201285897336,0.001126503199679803,0.001230909830295782
68,0.0011010864041266116,0.0012127600797148847,0.0011730926549178033,0.0011499576228905521,0.0011195245732489145,0.0015168867654083672
69,0.0009753490652821654,0.0012468824444219818,0.0011851104083392876,0.001051022929923766,0.0011079315581055513,0.0015318297387721413
70,0.001070640993543823,0.0012079198213913857,0.0012654256879519675,0.001172595550057979,0.0011066434331600968,0.0012534187701259008
72,0.0009715100243584707,0.001234395333627718,0.0011773779752211027,0.0009879414996583897,0.0011198265627104685,0.0012835656070117878
73,0.000927499830313885,0.0012070894005997799,0.0011645645929079557,0.0010713215376751274,0.0011256380846976664,0.0009470915728702666
75,0.0008915323378764078,0.0012096891516988307,0.0009213238834558161,0.0011067653027309584,0.0011587750787549755,0.001461903360667988
76,0.00079407363738265,0.0008427691945332147,0.0009853817696811944,0.0010159176652189974,0.0010728971213568518,0.001223738122231047
77,0.000961339766708155,0.0011814185075246565,0.0008765010315646266,0.0010866977977686831,0.000920309084161728,0.001503809750132334
78,0.0008577973549941738,0.0008150676413545227,0.0009948842075620523,0.0010151858733499968,0.0010728474617496442,0.0010492945292279146
79,0.0010129932652177427,0.0012368243763876032,0.0011394418975706473,0.0010577386839368478,0.0011236973194509432,0.001211706470102437
80,0.0009760888792791954,0.0012123782768023003,0.0011386798155972116,0.0009499268849120276,0.0010966154400389124,0.0012279176558187392
81,0.0009496386919813881,0.001253900140345289,0.0011555283621082395,0.001007879004360108,0.0010858214914346528,0.0010242000446250986
82,0.0009394732352482433,0.0012082600404438638,0.0011748525322103978,0.0010376486756497514,0.0011307629874998495,0.0009943546600104049
84,0.0009603721813773408,0.001249035898499772,0.0011619415357469118,0.0011636741476504253,0.0011229662625488255,0.0010476929216132764
85,0.0011720382878018995,0.001251879236080135,0.0011794479559453259,0.0010729297424180886,0.0009806845241284979,0.0009542887946429332
86,0.0011722897349016703,0.0012204777820675847,0.0011532849386586138,0.001159760842726241,0.0011232842011520017,0.001065167083923654
87,0.001213346155035497,0.0012268331624214078,0.001160054587363214,0.0011506868947136159,0.0011140294851806893,0.0012379804695841724
88,0.001306628711026258,0.00128522509017304,0.0011902265740260484,0.0011868749917877768,0.0011525839187716289,0.0013513521279255609
89,0.0012405563886025933,0.0012378907742048848,0.0012077283202624727,0.001172503519033909,0.0011303821087103958,0.0013850462218133062
90,0.001221315182441401,0.0012358263836818194,0.0012147472283187998,0.0011598628209691622,0.0011320764327616326,0.0010492207672772784
91,0.0010013756085860727,0.0012422208013184379,0.001163788851908641,0.0011576240462222885,0.0011334682709854872,0.0010307691237085184
92,0.0008171041326989521,0.0007990663236586478,0.00098012911778184,0.001155595650570772,0.0010377961358864428,0.0010468670968445273
93,0.0012230315219782994,0.0012304325787447876,0.0011548900582568412,0.0011821559799986905,0.0011494906391547992,0.0011105679582881698
95,0.0012201676532367326,0.001235785976388697,0.0012271587566957138,0.001165261876020314,0.0011349231200047456,0.0015012812970228552
96,0.0012325713362086375,0.0012414063563825942,0.001169758516236338,0.0011500454580187312,0.001123356921793686,0.0012081968067397184
97,0.0009856128612544968,0.0012089713586390584,0.0011562228523110197,0.0009737290608993034,0.0011030635533434494,0.0010808128426761196
98,0.0012637542633944453,0.0012294863888142906,0.001160199475964842,0.0011564807793438094,0.0011183175406781437,0.00113348456169683
99,0.0010369141706272652,0.0012002482129726073,0.0011818279666948497,0.0011462078022418376,0.0011630457943519318,0.0010386325646949
100,0.001273401012965327,0.0012627111098750074,0.0012058711194536237,0.0011798444297276994,0.001116217272406004,0.000984917644673457
101,0.0012265817982033298,0.0012383255563610505,0.0011838384261244341,0.0011729754182581505,0.0011213704662980098,0.0012632571365455267
102,0.001118432422160385,0.0012577044451482075,0.0012085822482980895,0.0011187667452974438,0.0011718281284764202,0.0012438363006546248
103,0.001253041103953079,0.001263378424742438,0.0011631306671821514,0.001189638009519989,0.0011642546087562158,0.0014004326315960958
104,0.0011964807837133772,0.0012327203601793784,0.0011784502473717506,0.0011856756032904948,0.001113911798684392,0.0012469058303631703
105,0.0013043599733620018,0.001231642110765627,0.0011565607583731829,0.0011211551198206477,0.0011542042978315407,0.00124304599493636
106,0.00126462447999401,0.001240248759509,0.0010442373704817925,0.0011465638867891048,0.0011822693888758205,0.0012429151692454963
107,0.0012098474932295137,0.0012240964185908562,0.0011479046382804974,0.0011646096104830665,0.001143378908795796,0.0013998706940129137
108,0.001307291722319171,0.0012840979856741735,0.001198632166422076,0.0011789335370952661,0.0011578664297620092,0.001353346861544941
109,0.0010732814028650073,0.0012509939980121113,0.0011565373856366821,0.000975613070200577,0.0011111085224884251,0.0009092583305547162
110,0.0012229120401625023,0.0012704779596549077,0.001176196666475101,0.0011899880198585414,0.00120176965542298,0.0014330535935347254
111,0.0008991870362440575,0.0012080873583099395,0.0011621288321058063,0.0008959113603047169,0.0009594889844380214,0.0010608445017602618
112,0.0012445010559076802,0.0012350331571173911,0.0011839297900008196,0.0011773767845689475,0.001157718720918366,0.001403151574899652
113,0.0014853867231880663,0.0012353154616880678,0.0012298900414141312,0.0010945462205568578,0.0011678693710982075,0.0012880876458616097
115,0.001262486432701608,0.001276776126388801,0.0012224579860035385,0.0011331695622457825,0.0012020321394744225,0.0012639696389020725
116,0.001234140647611903,0.0012414305261276653,0.0010548079408491291,0.001168067255230777,0.0011748883280004632,0.0011028319720238209
117,0.0013975155597328007,0.001232674743819449,0.0011739812437560825,0.001175639162165103,0.0011774788828605991,0.001190657539655606
118,0.0012332091326014312,0.0012273258712479332,0.0011485580268089093,0.0011690151799411113,0.0011940011039823033,0.0012660724000482003
119,0.0012514224098613951,0.0012803285671928015,0.0011591142556978806,0.0011936826366471369,0.0011973075137144316,0.0010397029913646128
120,0.0013676725009316051,0.001223182505955395,0.0011537051873475109,0.0011573956760567521,0.0011684401433915417,0.0012081706917135028
121,0.0011931381274519978,0.0012407847172296988,0.001228551619956477,0.0011573745742522992,0.001244836272430632,0.0010877927372815325
122,0.0012049700779229605,0.0012316500784954195,0.0011411983434731247,0.0011284409883605144,0.001162009569300235,0.001108467026175387
123,0.0013750627375310848,0.001239085062682852,0.0011585535882868187,0.0011934970425339824,0.0011703148967367079,0.0014011962151748505
124,0.0012036727908221797,0.0012270422683303202,0.0011480323380143385,0.0011346766773897084,0.0011854286528587496,0.0010670750492994898
125,0.001230340764234264,0.0012665466790764517,0.0009659553574507593,0.001138884338552955,0.0011392486212180616,0.0009360492235965805
126,0.001087138377190062,0.0012681849945252927,0.0011876010351813816,0.0011764494877085766,0.0011186057060951003,0.0014419288412610414
127,0.0011922937812688045,0.0011956217397723862,0.001200088915630425,0.0011282922256201648,0.001156886340129991,0.001501485782993532
128,0.0011560028533961237,0.0012879308177444393,0.0012556919099801327,0.0011467426110269266,0.0011569047625151255,0.001787317820510567
129,0.001277956724205419,0.0012751600964389471,0.001233036615496398,0.0011401593936008131,0.0011614566135958043,0.0010735716454227965
130,0.001242001260088067,0.0012704025487623124,0.0011755594959430295,0.0011417162108075046,0.0012048901076209214,0.0010542853981138232
133,0.000932208128600361,0.0012117706587605435,0.00095048414201975,0.0010402745469153666,0.0010556942790262143,0.001053471806725013
135,0.001187130189632326,0.0012384208032307671,0.0011746583430458173,0.00117627719876977,0.0011233372277490174,0.0010312495843396933
138,0.0013272200939737273,0.0013144525470025897,0.0012056772916616046,0.0012844383102387624,0.001181330780335107,0.001288245874496411
140,0.0016177443975818298,0.001348406276981194,0.001301233673550965,0.0012022164557255318,0.0011155015999503536,0.0012861894177474572
141,0.001439658495120419,0.0012163808767015891,0.0012349146109597708,0.0011165068748878319,0.0011472876679922402,0.0015415701392405613
142,0.0014710420128796284,0.0012686373346607709,0.001177536377733677,0.0012083165361655985,0.0011564399959442411,0.0012826657723478024
143,0.0010952057484612172,0.001269215220131975,0.0011502332580521084,0.001068687313782946,0.0011110338865236585,0.0013882263067757509
145,0.0009887462470997584,0.0012323906671989405,0.0011450924662562193,0.001053320304209895,0.001120705246739141,0.001175926379960872
146,0.0011414200249772234,0.001354252298142125,0.0012415952210546887,0.0010806023120413376,0.0010956692735729738,0.0013166623693226564
147,0.0010559464609825341,0.0012572410089433837,0.0011913248447416249,0.0010582265808648755,0.0011267106649446973,0.0013391066437631492
148,0.001412004203172254,0.0012365292033934274,0.0011786183882361901,0.0011884337141931153,0.001170237668687788,0.0012655627907711144
149,0.0011755439142690771,0.001293887466857982,0.0012035365308906058,0.0011659750177945424,0.0010964117021015844,0.0010247686746099006
150,0.0012743339280501518,0.0012874302561321402,0.0012026046327554055,0.0011461338746983757,0.0011567946351890503,0.0009847500611131288
151,0.0010625713484060427,0.0012310509679763577,0.0011561697891886969,0.000984081514012504,0.001115581180704421,0.0012902721361097884
152,0.0012402156264573944,0.0012259896416662174,0.0011694986372849285,0.0011638818523385583,0.0011050983313678556,0.001191566756530481
153,0.0015891993621808393,0.001310838456715049,0.0012156373905263223,0.0010835030642138588,0.0011247991749984987,0.0010511077423361935
154,0.001417511510276218,0.0012262336732311366,0.001181587458007995,0.0011551294654562093,0.0011343178134295673,0.0011089995046008902
156,0.0016301889665387508,0.001291246980924082,0.0013813273364845667,0.001079964934264817,0.0011077440410102717,0.0012219737698221473
157,0.0011059342675006742,0.0012375954484996766,0.0011523526675093197,0.0009767379511972873,0.0011205566359839608,0.001217365036701305
158,0.0014976751823502924,0.0012965093918512634,0.0013454090177307373,0.0011408236626479786,0.0011017124973309173,0.0010172934857670746
159,0.001177618053048952,0.0012647046910226041,0.0011695980837154204,0.001080005830445006,0.0011137188301344608,0.0012415171401550735
160,0.0014086618169432573,0.001245160919005021,0.0011644566990421674,0.0010588922422690899,0.00113157328556284,0.0011138544063113971
161,0.0012471506192643378,0.0012239315602246288,0.001146626966234452,0.0011454296220280878,0.0011437729318128742,0.0010368224593610823
162,0.0013931810067347753,0.0012397959836951294,0.0011876456439481636,0.0010662984794297314,0.001130435572269088,0.001215945748950294
163,0.0009864471052325628,0.001359044263635447,0.0012682448213699586,0.0011266452627785042,0.0011079156905031606,0.0013892219542568209
164,0.001461970811244655,0.0012329866488366224,0.00121573789261742,0.0011789514767230381,0.0011270936504634251,0.0012494259429781654
165,0.0012288569041758767,0.0008157773025164322,0.001031008819521017,0.001193610703094641,0.0011857645827223183,0.0008652368761719504
166,0.001354981543791191,0.0012958356755150193,0.0012011327525626146,0.0012000827343263008,0.0010648287201844053,0.0012487510180519462
167,0.0014261332574746696,0.0012788600994136793,0.0012045447233915072,0.0010636978985476178,0.001107811494424551,0.0011608800006031492
168,0.0013649100496080943,0.0012274175783291044,0.0012077611808153648,0.001089922005208936,0.001116885055996167,0.0012211555165613332
169,0.0014027799040666486,0.0012689605936730018,0.0012159090261479014,0.0010454465450211357,0.00115240239268368,0.0012556009401108092
170,0.0009600494545208552,0.0012555694120317742,0.001211749777396986,0.0009246206200358074,0.001129351715710609,0.0010565650763335332
171,0.0012362838225397478,0.0008376801336596996,0.0011646049399523378,0.0011483095448716447,0.0011213459441704002,0.0009010686783082391
172,0.0013214030623366882,0.001214264144331638,0.0011795913354001632,0.0011758498547544496,0.0011203300315065878,0.0010046443622997265
173,0.0013940403788781756,0.0012624260228069242,0.0011741900255489166,0.0011817293816329768,0.0011401907358487239,0.0012401619699814119
174,0.001268673858796381,0.00092273994690421,0.0011702979169772526,0.0012843933410398647,0.0012340979457898065,0.0010029288875483854
175,0.0012203482756702067,0.0012384648358673596,0.0011886509920347019,0.001137466982330202,0.0011390048170398092,0.0013273033644879073
176,0.001517495223959893,0.0012580495258912756,0.0011733473445592296,0.0011945819992467018,0.0011678171014271469,0.0012681367852275366
178,0.00101734524351932,0.001328298325242523,0.0012127479832095046,0.0010333121220032016,0.0011379219061617945,0.0010577696707193564
179,0.001321087437282808,0.001251726887118504,0.0012395378154326853,0.0010367205119249739,0.0011731742076207623,0.0010783176908215131
180,0.0009372630257942015,0.0012669564177030714,0.0011909857789564931,0.0009941411942494705,0.0011204321577046065,0.0011186229396107682
181,0.0013570733072543373,0.0011613927818279707,0.0012286581077353721,0.001198172932400189,0.0010724064223190718,0.0010360520778434654
182,0.0008404735916640747,0.0012338896020995577,0.0011599855341760496,0.0009043552187667375,0.0011184499621204255,0.001042456666148675
184,0.0014391362475547364,0.0012338809324462952,0.0012248800240424206,0.0010579650053303858,0.0012624430324177825,0.0012807483727514902
185,0.0013184193237705207,0.0013064650214065837,0.0011870132120047542,0.0012507502263028052,0.0011009442289664358,0.0012669851455474166
187,0.0009879934222525324,0.0012261963995315603,0.0010168898841611423,0.0010439241736385429,0.001129532746726233,0.0010518927270499892
189,0.0011413545292782937,0.001200909550750919,0.001214258665663863,0.0010237069710230637,0.0010976224326212218,0.001081740011151874
191,0.0012685092302538634,0.0012483869481561742,0.0011592995792212898,0.0011734024554310937,0.0011498161326111294,0.0012509390788103044
203,0.001206997522778898,0.0012084357249417563,0.0010047622637635151,0.0011326811152142444,0.001156698515762937,0.001532480110440393
207,0.0012514376385999461,0.00131519795494426,0.0010373094030674808,0.0012162507758356014,0.0011829054323620576,0.0013329615393590333
223,0.0009839042141047748,0.0012876415328053376,0.001061016505003933,0.0011747827965127575,0.0010698174056772193,0.0008662808266367994
225,0.0009590824811768999,0.0012354034506733605,0.0010853181669908422,0.0010229632018069821,0.001128646632069256,0.0009957801322295298
231,0.0010780445268978088,0.0012315396663175105,0.0011625603022130933,0.0010506530168846752,0.0011256246976309144,0.001172013594019484
233,0.000974494572305688,0.0012358039630625225,0.0011410996745352946,0.001078146735959855,0.001129414058831805,0.001114310898835885
236,0.0009988249611390591,0.0013457831048588654,0.001197608041336398,0.0010571415056015105,0.0010749496865267863,0.0010934172775225895
237,0.0008579551780198599,0.0012090633207462967,0.000970077698825833,0.0011870587515146777,0.0011169894155251222,0.0010320701196266562
238,0.0011363296605961543,0.0012342966898168312,0.001175499076180807,0.0010644177589356758,0.001134244938602257,0.0010102337924497013
239,0.0010056461658487221,0.0012817130532292384,0.0011680437387083143,0.001186281782640117,0.0011222163926719998,0.0010809867582992694
243,0.0008416107180610664,0.0011855945722296275,0.001222550275656602,0.0009288123837663927,0.0010671400690962715,0.0009538351460519597
244,0.001045819940410636,0.0012725245627552072,0.00117894205756144,0.0009605009281997245,0.0010681616201745087,0.0011712337095614149
245,0.0008466787463019062,0.0007458802620468547,0.0009864631612099088,0.0010343409164547735,0.0011056838754235196,0.0008196533507635258
246,0.0007595172219587044,0.0012034004847618859,0.0010115253200139594,0.0009949563263849,0.001120198789125153,0.0009367797340075279
247,0.0007833477742060219,0.0012171498773604248,0.001015079722256581,0.0010599364750868267,0.001077686538015699,0.0009580386396915695
250,0.0009843258122107267,0.0012363353965756843,0.001138383630587435,0.0010613680121604407,0.001122667129838425,0.0010509045722734416
256,0.001026212899622218,0.0012432474287556153,0.0012419198070374165,0.0012244793275797178,0.0011357982611109555,0.0010464935711159522
257,0.0011137636295089444,0.0012492857850922873,0.0012052757336466523,0.0012124910791757523,0.0011104026464629504,0.0010547631378081985
258,0.0009897431977929003,0.0012467769393209864,0.0012411083678294029,0.0011669627569192498,0.0011119955960196028,0.0014456040502467998
259,0.0008359320624481768,0.0012117321557117025,0.0011847911856912804,0.0009235734472642628,0.001126409107092949,0.0009843926159936055
260,0.0010007511094361375,0.0012221408822010095,0.0011580285041890006,0.0011826919731922226,0.001191314030342994,0.0011707076596099049
261,0.0010344976120535065,0.0013090795216273224,0.0011901590777644632,0.0012256385284779552,0.0011264366578945062,0.0010250474986231734
262,0.0006458652621405803,0.0008508635196723327,0.0010711081465207715,0.0009908036731248718,0.0010491362112238485,0.0009919256192375515
263,0.0013770932964496437,0.001304666373676998,0.001255689098889655,0.0012563070085061397,0.0012639158369805662,0.001277260030946028
264,0.0009010053005302303,0.0012421779979693182,0.0011723387281287,0.000987114653622483,0.001122767416690528,0.0009742123883778862
265,0.0010101043545355027,0.0012029259100489586,0.001167577050864231,0.0011569006938822739,0.0011725509752364726,0.0016537619391064407
266,0.0011117080643388007,0.0012334792894518527,0.0012130240292417198,0.0012217908259644335,0.001161952429539705,0.0012338885332202495
267,0.0010225395302271001,0.0012337673901659716,0.001143028083298071,0.0011516537931938588,0.001211122389133916,0.0011886487856735857
268,0.0009659156115946089,0.0011980686481309834,0.0009963532837786353,0.001125130902951342,0.0011261855951077563,0.0015940208288404984
269,0.0006665483947667733,0.000817711743834336,0.0010122854654185166,0.0009895686126488313,0.000961628209804107,0.0009250443762125565
270,0.0008082231469902575,0.0008958956802936225,0.0012346211761164534,0.0009764480722127377,0.0011227330769516216,0.00105840616734236
271,0.0014292509381043264,0.001220759915419618,0.0011499678495831066,0.0011688778210712976,0.0011826544611715298,0.0018133881071422477
272,0.0009038146800977582,0.0013008047898029266,0.001184892495429842,0.0011854439778537812,0.0010742489433822014,0.0011828451205661019
273,0.0011443232857914264,0.0012521855296724123,0.0012320045741526671,0.0012175456410983786,0.001199887809134787,0.0009582526270226025
274,0.0010670355563557599,0.0012551057233299123,0.0011469707517554313,0.0010259044555572584,0.0011109860285567377,0.0011473036700506963
275,0.0011212825025333998,0.0012279394701660026,0.0011855505971619085,0.0010286948135326663,0.0011230984311273269,0.0011931312903020654
276,0.0009080412673703278,0.0012146720970764846,0.0010850824547122598,0.0009725841233616348,0.001109211461752472,0.0010727901265568398
277,0.0008438506652906305,0.0008370256037175739,0.0012284713481319554,0.000945137390858358,0.0010800662869924367,0.0008376933051481802
278,0.0007946561938335081,0.0012062207940246354,0.0010883102986379012,0.0010551149197495216,0.0011192846929299282,0.0009951221790412794
279,0.0010527291293106178,0.0012352697512837303,0.00116362274970285,0.0012106964146278184,0.0011997191619768789,0.0012278092941693944
280,0.0011247810516555859,0.001234050850073482,0.0011744926386732196,0.0012386954500681372,0.0011800623125209628,0.0011977932219981518
281,0.0009781402017234242,0.001288389252468069,0.0011996874823253863,0.00122009300762485,0.0011892430327471034,0.0010494618356987008
282,0.0011079542758236928,0.0012333715439745436,0.0012044969481279713,0.001163968502853182,0.0011354942286251784,0.0012551877112478012
283,0.0012965587525618331,0.001269690343914936,0.0012365784442698482,0.001026550008133054,0.0011201223498708826,0.0011095338369062084
284,0.0014435882775129137,0.0012502459183386903,0.0011568115721928322,0.001221089455852426,0.0012599951285436075,0.0015156296408386776
285,0.0013690762023210496,0.001280774308305666,0.0012881240105572832,0.0012569069977154063,0.0012065700305794469,0.0012709129313727887
286,0.0014039374446693145,0.0012329530385364296,0.0011668886917875565,0.0011979107344239244,0.0011951824468121241,0.0011834514654449745
287,0.0008392259704054757,0.0007845046394276956,0.001168270502771691,0.0009455480674986046,0.0009419772166694618,0.0010541539917828314
288,0.0012844137188511421,0.0013220297459603817,0.0012391708992382307,0.001257978361127128,0.001139552654609291,0.0010726610904494244
289,0.0013865148209640098,0.0012509210252719496,0.0009970406364771902,0.0012063535626504205,0.0011979676255348861,0.0010619138798010062
290,0.001577910177923792,0.0013331375083440041,0.001005433997309379,0.0013122148010927396,0.0013821401097501834,0.0010234056032583582
291,0.0008143950354682172,0.0007923792432557532,0.0011600773141887042,0.0010044854245052325,0.0009637148638217606,0.0009336551027539025
292,0.0013198837661386239,0.0012662735770192816,0.001148113380961017,0.0012319955419390597,0.001178463570154065,0.0011970483487257814
293,0.0012175724235783901,0.0012458759709180957,0.0012090216026653848,0.0011174021588215089,0.0011765336673138145,0.0018405202469184258
294,0.0009384741079828719,0.0012455102421788065,0.001165826750284061,0.0011913618320544726,0.0011689648356224514,0.0010889838740589242
295,0.0007701858916651218,0.0007938447329225952,0.0011701239443519414,0.0009205550811392834,0.0009136595098418699,0.0008816654108843062
296,0.0009638384620932279,0.00128878279514987,0.0011738763151502292,0.0011982925551961565,0.0011375047230763721,0.0010515283885597403
297,0.0008781843797847684,0.0012473379071199586,0.0010416942520842683,0.0011600000833320596,0.001193764737692144,0.0010201694225953407
298,0.0014712709005158323,0.0012502241598546936,0.0010429908231230094,0.0011948919063644464,0.0012028742152176176,0.001201718223657267
299,0.0014677070457973567,0.0012884331457578893,0.0011719610931228384,0.0011677849548989232,0.0012597487916691848,0.0015411509195693296
300,0.0014233589995167584,0.0012680911908504906,0.001007914484279929,0.0011783413224921314,0.0012219008572490677,0.000948438173795645
301,0.0014270884132805677,0.0012558285523538376,0.0011493615198627687,0.001185179024641564,0.0012102595205794398,0.0015128489026847616
302,0.0013715474804796568,0.0013102242217599652,0.0010808123593987744,0.001224104063493499,0.0010938191521253644,0.001077270219908424
303,0.0009274681393951462,0.0012273237984702409,0.0010449022947337948,0.0011514520569225945,0.0011306584649894437,0.0009558276309804546
304,0.0013780721718094527,0.001253196399102813,0.0011566894881724279,0.001242540467848005,0.0012565984391336225,0.0011780692723485579
305,0.0010143150212616001,0.0012030586040012055,0.001137784167236804,0.001016578747154199,0.0010308412267975766,0.0008940237896340581
307,0.0016401161919725356,0.0013712813832334667,0.0010753934702841929,0.0013587669691617259,0.0013041538168275728,0.0011657992279620283
308,0.001426242470091492,0.0012624347551474712,0.0010276553654195485,0.0011706263918691128,0.0011384764520025088,0.0009512496137866952
309,0.0009877857001519357,0.0013054098544114045,0.0012240328454599563,0.0013121597060893777,0.0011290554414490857,0.001138901447708289
310,0.0007563595269884491,0.001215297129775392,0.000989804755775336,0.0009827900095200916,0.001111971466664354,0.0010282902685319402
311,0.001466223375400318,0.0012601952707996054,0.0010220702638765024,0.0011791797052083544,0.001168696144936632,0.0009662366550659568
313,0.0014506482112986645,0.0012355310317612197,0.0009884595073674962,0.001269547326011023,0.0011841384200522054,0.001008639904853322
314,0.0014775525257217513,0.0013604041396390425,0.0012495654900932895,0.001180244614375738,0.001228837222864696,0.0019564141471432083
315,0.0008318983234202929,0.0012524025354402365,0.0011495121636660255,0.0011838696314094288,0.0011327564347057293,0.001016844033458425
316,0.0016287723391205473,0.0013658434845772532,0.0012071422557333074,0.0012656338134255794,0.0013407034410772224,0.0011081125553717096
317,0.0014598354385052833,0.0013019998330465819,0.0010243497357670893,0.001175850103180935,0.0010830302933121565,0.0010257809753052402
318,0.0014361020666096445,0.001271188846959811,0.0011707811834788108,0.0012364634508035203,0.0011959832573497616,0.0015778178343006115
319,0.0007812577962696324,0.001227666626927521,0.0010165701663599662,0.001028412391278863,0.0011214889446448586,0.0010531382843904705
321,0.0008162828751034233,0.0008914671376808094,0.0011445860820162217,0.0011527864861097714,0.0011150489704043656,0.0011736419974790254
322,0.0014294074824644854,0.0012538426085994731,0.001164367693044944,0.0010355954552649343,0.0011664223986587797,0.0010303341364950797
323,0.001467368935906402,0.0012720306534277823,0.0010360095157927786,0.0013385244507954056,0.001263217697302966,0.0009975899074216804
324,0.0007606485703668085,0.0007652054775587765,0.00116416443852224,0.0011545759150640867,0.001076422134486803,0.0011622828619490435
326,0.0014436123043260127,0.0012700926072836834,0.0011536753434228143,0.0012501847790299184,0.0011891784911387238,0.0012569906206538791
328,0.0006643916414359722,0.0008674779532352741,0.00098822695256348,0.0009985178151733667,0.001069624644427405,0.0010106866832723241
329,0.0006158088258447054,0.001217626888080996,0.001043738878392175,0.0012162040190568002,0.0010528200245540483,0.0010829506415535265
330,0.0008848142414548705,0.0009436043219332127,0.0010687048960715897,0.0009969053391912833,0.001120559290673687,0.0009801483651806875
331,0.0014145405088214545,0.0012498007172081335,0.001137342887392423,0.001169177782157094,0.0011806347798698892,0.0009913144021602206
332,0.0007821322606571554,0.0007952576535820756,0.0009809823600503672,0.0008966419148191704,0.0011252248247600833,0.0010213330204159167
333,0.000828878393788111,0.0007780927045933929,0.0010361496191426027,0.0009244285127738929,0.00109289928973373,0.00090581351125622
334,0.000803635744481253,0.0010026909233976687,0.0010253426713124696,0.001031332626072777,0.001117427761638718,0.0009357456409364302
335,0.0014075151484335005,0.0013583536940382525,0.001164380548336207,0.0011782237391723773,0.0012040854785637153,0.000905437176906893
336,0.0014184513681594288,0.0012485844788093137,0.0011506659838926671,0.0011657803093158793,0.0011624551840631497,0.0010006769430397232
337,0.0013834892626077059,0.001255763167052031,0.0011004079829163645,0.001151531234912562,0.001193431593614889,0.000933792466252842
338,0.0014199561127199065,0.0012530663724024677,0.001158929357413772,0.0011641033089386007,0.001196376321492639,0.000973046201452085
341,0.0013200563238171187,0.0013464394919431488,0.001187126242486424,0.0012833055474614154,0.0011934599133073094,0.0012247176911071886
342,0.001319517581874208,0.0013438867733920837,0.0011970546173028288,0.0011971673976193926,0.001162793661190973,0.001954108799459023
343,0.0014941658333191034,0.0013790170373456166,0.0012905592952369353,0.0011969900591851767,0.0012558450487442831,0.001634782276856924
344,0.0007296261812009362,0.0007963494531390222,0.001056097109441775,0.0009003740111529024,0.0009943845225899584,0.0008710029280230452
345,0.0015085129400290317,0.001287058801729126,0.001276929455099757,0.0012432517596069914,0.0013255954497772423,0.0019270487288093022
346,0.0014996518835215863,0.001294028787479325,0.0012069254115973603,0.0012398876752767029,0.0012077642427512133,0.0019790806506700255
348,0.001454830855116918,0.0013627152598813612,0.0012025515575388242,0.0011467490617446203,0.0011700410313089896,0.0019461763215820637
349,0.0015313255206830761,0.0013882990988729033,0.0012707910744278797,0.0011997495959776463,0.0011681403978676536,0.0019082441027607339
352,0.0015644003155046013,0.001399548882809383,0.0013483177616486794,0.001375291099438462,0.0012891127749767102,0.0013196405460283317
353,0.001475302396727991,0.0012744061414059636,0.0011933918146745874,0.0011906889744032999,0.0011911078164134588,0.0012584353316276288
354,0.0014864653723918402,0.0013376614831721394,0.0011791276206740491,0.0012201162672399576,0.001032955895434832,0.0008557878210231944
356,0.001475516553385859,0.0013970024483079603,0.0012432735324371092,0.0012578079164672204,0.001175880006890951,0.001968436256930959
357,0.0016316898148540113,0.0013661218869029336,0.0013509958051940068,0.0013520622676985248,0.0012696744034326013,0.0013536282379508653
359,0.0014534803632890694,0.0012533618601841927,0.0012388127381874044,0.00114599407698774,0.0011857386372718804,0.0008695767001401118
361,0.0015688443135952995,0.001292643012244312,0.001166892321778979,0.0009720901476591686,0.0010946389465418696,0.0009604997623844646
363,0.001426657628333923,0.0012702946859044606,0.0011738152080687128,0.0012804670729174624,0.0012130044049680905,0.0009172314362940691
364,0.001614463810470541,0.001329565094134713,0.0011583590785597144,0.0013622527100782028,0.0012678121272390965,0.0009624398349672401
368,0.0014612120646323216,0.0012978915054444383,0.001172147709713266,0.0011793186414894988,0.0011360433491885197,0.0009536602032504612
370,0.0014568832872025458,0.001263739169792846,0.0012482011763320256,0.0012592765182499067,0.0011934021933457503,0.0012124418118100479
371,0.0014505296827094808,0.0013095684406176616,0.0011650073701605825,0.001189719186413465,0.0010917352847186331,0.0008195415890138581
378,0.001421139437256916,0.0012400577641962331,0.001165734696307349,0.0011628051361477975,0.001186415325615529,0.0009431442988696906
381,0.0017472321068343908,0.0013911496986552788,0.0014097467128064021,0.0012414319794228034,0.0013718931932183915,0.0010466333674532804
390,0.0014859733901616688,0.0013295854697572506,0.0012526990102991568,0.0009074824200841762,0.0010448561792967374,0.0008085547460515085
399,0.0016633132343230588,0.0013723270074897454,0.0013615951710367164,0.0013572294098496986,0.0012843362624227173,0.0010918865103268125
400,0.0008797907925663707,0.0008740946998945338,0.0011496707661057463,0.0010654097235161786,0.001119109083359673,0.0009641318784316406
409,0.0008132702296414491,0.0008386027842863545,0.0012240468672974193,0.0010311248373503367,0.0011127232897962546,0.0009389256186822136
433,0.0008461141779959411,0.0008878948048258455,0.0011610891235681357,0.001043897030730866,0.001098923067298459,0.0009295643637944381
434,0.0008723553834188961,0.0008332709755440232,0.0009965101301740702,0.0011743079671947879,0.0011149681952614336,0.001189201100849022
437,0.0007562396496446078,0.0008460243322159016,0.0010133443402028904,0.0008794787898936006,0.0010122963478123095,0.0009837733882426243
462,0.0008892451246303558,0.0007893320646485992,0.0010608924595955503,0.0009076917856207386,0.0009841829954220188,0.0009283190498445
468,0.000875806766728563,0.0008669639700005616,0.0011987188774044112,0.000970937273558211,0.0011022751591789743,0.0010236431130734719
470,0.000857965539776235,0.0008606612865679214,0.001157377776025562,0.0009387081651271911,0.0011215807402442312,0.0009890162622057301
472,0.0009163906333090296,0.0008288858747068054,0.0012398489019108628,0.0011739756456842904,0.0011193640211112537,0.0012194834139090545
473,0.0008858493719369111,0.0008769274313674395,0.0009593422449756054,0.0011397575592334112,0.0011287898048383909,0.0009624074220045229
474,0.0010041543352407563,0.0007972979314118927,0.001148913391984094,0.0011422487186831395,0.0011216629468267264,0.0009894445801552699
475,0.0008366273833208232,0.0006690243409224819,0.0011810524913488322,0.0009249811136112767,0.0011037389702054205,0.0010110653116870837
477,0.0008100334677022347,0.000697757103293346,0.001172553178927318,0.0008629064672805392,0.00106661365980404,0.0008916969204803099
480,0.0011750889908225762,0.0008672867887592651,0.0010104563323114226,0.0011104976490490426,0.0011085243184721458,0.0012507801306513781
481,0.0009004982941826884,0.00098416850402471,0.0010903070420304369,0.0010340015884735792,0.0011270605426734934,0.0012475489964248682
482,0.0007640862522990926,0.0010695502516961377,0.0010022422027948263,0.0010303846215116924,0.0011633970635186932,0.0008058512698385588
483,0.0008624517179825319,0.00101494812966281,0.0009907265635316729,0.0009811102967133977,0.0009650274140760819,0.0009961232959869017
484,0.0008993369657047689,0.0007574003371339489,0.001033715217376154,0.0009830501564778217,0.0011160094636027287,0.0008744275596462869
486,0.0014806496601816328,0.0012721970985070132,0.0011929027061449728,0.0012147261597504457,0.0012530308746836769,0.0013084363072185944
487,0.0014914460888800659,0.0012844355312184104,0.0012337985343105265,0.0012563831699067187,0.001255472739432188,0.0015517856242822689
488,0.0014957151464776535,0.0013018433251713118,0.0013248132883893948,0.001291416850705252,0.0012148882217634623,0.0016824949409457559
489,0.0015105986862978676,0.001287058796199515,0.0012750523384912201,0.0012400230511286205,0.0012891661862940269,0.0019123150960596539
490,0.001496379208622744,0.0012727024707953327,0.0012635359767578132,0.0011856227309064772,0.0012984888312685457,0.0018721269412423891
491,0.001505810292297095,0.0013841633234084106,0.0012498696323005071,0.001233588407048061,0.0012055175149335215,0.0015850199183870006
492,0.0008978910522953522,0.0006958432463873604,0.0010029334325116492,0.0011869504589359986,0.0010669976646359232,0.0012469613281817901
493,0.0008924458241376933,0.0008467473503505115,0.0010114132148724103,0.0009542920435156584,0.001125172588623103,0.0010030834015491044
494,0.0007334365934071025,0.0008106556182772345,0.000987832071953531,0.0009224935535745767,0.0009021143761586862,0.0010898610940603477
495,0.0007951739298615807,0.0007558640744766811,0.0012241822055579269,0.0009798162129663105,0.0009386534516603116,0.0010963152841034964
496,0.0007629753034291945,0.001204620196583685,0.001057733108284961,0.0010416570196900015,0.0010791092778136176,0.0009135357137519769
498,0.0014226692710490778,0.001254651756637594,0.0012286424951633804,0.0008673648024287699,0.0011264519906978433,0.0011496809385239009
499,0.0013096408627292762,0.0012333383860355924,0.001189545353391389,0.001200604169013513,0.0012155469924794095,0.0010801266834513322
508,0.0015702905394006145,0.0013529306198392208,0.0011939687522425214,0.0009121681155702113,0.0010248498043653866,0.00092853497729727
509,0.0007883839064334846,0.0008426783343954546,0.001159344828983769,0.0009176996798838762,0.0011033195222922496,0.0009266527121333523
512,0.0008090016932343335,0.0008823308131023022,0.001195420486780039,0.0010126739191889521,0.0011240748795952854,0.0009309884040537692
514,0.0012185398564640887,0.001283652178657821,0.0011926499628060396,0.0012810007779663409,0.001186093625455448,0.0009905512179819958
515,0.0009895508355713869,0.0009207417628052548,0.0012710354196625092,0.0011674340974231678,0.0011919640871295705,0.0019692683836185242
519,0.0013664360162334067,0.0012714856109047716,0.001209406018928418,0.0013056526552219223,0.0012026872031223029,0.0013082368681362865
525,0.0008076573107020611,0.0007564756697166521,0.0011115937783311176,0.0008760900504442511,0.0010640651282557388,0.0010032930541712197
528,0.0011851179403898698,0.0008085286382439885,0.0009936253561385548,0.0011902117307530556,0.0011137367341965436,0.0009355677495522406
529,0.0008711115544385488,0.0008011289998415432,0.0012044800144199337,0.0011401698246741967,0.0010766387418630894,0.0008673908447320146
530,0.0008372533965049683,0.000835476779439338,0.001210424300692536,0.0009348139407063601,0.0011064846291116749,0.00089623077880839
531,0.0011308355559457811,0.0009473343336326759,0.0012945225311934228,0.0011724909495722895,0.001336389124692314,0.0013890694525029105
532,0.0008416707901724339,0.0012130465442878786,0.001060311851371675,0.0010464107070189146,0.001116998081190641,0.000990026568831511
533,0.0010618903139221392,0.0010602471635017105,0.0012248263819317285,0.0011129587379644583,0.0011322485221912566,0.0016125316586026802
534,0.000950228084884891,0.0009378399771181541,0.0011662664953864493,0.0011305340788020702,0.0011814180061642029,0.0012458546567797539
536,0.0010129573541819133,0.0012350943834682547,0.0009673192319543777,0.001135488448367299,0.0010823205120862047,0.001649140208096708
537,0.0008117566949350167,0.0013710922332365958,0.001105441835549117,0.0010565704746445374,0.0010966667742966932,0.001700162137262772
538,0.000921635317538817,0.0011962757790256629,0.0010253010510240116,0.0009967861518137985,0.0010847045245154035,0.001205349819529893
539,0.0008244843300395197,0.0012384456263921722,0.0010809597320931758,0.0012124675699157262,0.0011242998458827172,0.0009688746295648412
543,0.0014357794575034456,0.0012423726898769883,0.0011732578840410184,0.0012280486541320478,0.0011946190566892165,0.001157860554836064
544,0.0008169669901843567,0.0008911302548692502,0.0010609306260030977,0.0009835205377206396,0.000979541131901322,0.0012215858987163336
545,0.000888265002539885,0.0008137077775041428,0.0011261500929430027,0.0009644881840647742,0.0009550942023809119,0.0015534370846134004
546,0.0010361118025117532,0.0010488032930259532,0.0010130343061838974,0.0010784297788531043,0.0011013154381052331,0.0012154062831878998
547,0.000699910802031436,0.0008598873360655898,0.0011718763498989868,0.0009198922856490785,0.0009591456873439925,0.0011965882481655948
550,0.0014029665781940767,0.0013367266095272012,0.001365029538184767,0.0011887907587320762,0.001119792681421567,0.0013600032316953118
551,0.0012720630492783582,0.0012561675345702048,0.0011577955213484823,0.0011583096321345877,0.0011344903455931278,0.0009888984583262914
553,0.0009443116154737878,0.001230748509081392,0.0011617335106860072,0.0009026100242471228,0.0009235696119800106,0.0011783941207943645
554,0.0010725523954033523,0.0008507141310474097,0.0011728360214800474,0.0010294476969412501,0.0011493305181257114,0.0012156699594655725
555,0.0007854314259545275,0.0009943792738022245,0.0008913269679585423,0.0011438072180743695,0.001071439292056848,0.0013855584123864935
556,0.000961981492066033,0.0012777035532604904,0.0011513236371508751,0.0010610528387351788,0.001074288776355925,0.001052790562920182
561,0.001320900670945778,0.0012750478206290132,0.0012170475924587552,0.0011904769052181363,0.0011778885848872467,0.0012040371702619706
562,0.0011360881988322453,0.001282971251725795,0.0012938929519751372,0.0011857954971298558,0.0011923480609658743,0.0012303208899454646
563,0.001419421062725968,0.0012467569105831904,0.0011698318977775054,0.0011622684562774485,0.0011877112749964515,0.0009417908008710452
565,0.0008022100530018961,0.0009268227687702136,0.001048142955533643,0.0010073099415414681,0.0011282339451699258,0.0011683994086645118
52,0.001004760817853795,0.000976052108349804,0.0010321738362014297,0.0011294129230695583,0.0011371392937966156,0.0009814954335700028
56,0.0010072117812195832,0.000947137690009546,0.0010311854052822522,0.0010868969601380647,0.0010994835400534016,0.000965639175270317
59,0.0010083560068591972,0.0009398523332926435,0.0010252653597355565,0.0011248827599010544,0.001101708392510501,0.0010160921049842857
71,0.0010859691990250568,0.0012759258474390855,0.0011478384510768683,0.0011662125923368057,0.0011343963761478145,0.0015165377538727686
74,0.0010032414509265485,0.0009444952713987708,0.0010074086916237917,0.0010535580474780352,0.0010981167754424061,0.0009921468564438533
83,0.0011894561577548114,0.001264853039361365,0.0011547838297769068,0.0011353083089069844,0.0010170660166005706,0.0011062672931887348
94,0.0009661816258257715,0.0009431308017634537,0.0009709606188685223,0.001073845319487465,0.00110067110426354,0.0010432679144532328
114,0.001363175297968606,0.0012628503759525556,0.0010930919024704751,0.0011200051010149584,0.0011267376666378177,0.000971837532399433
131,0.0011913272144894235,0.0012125162697206582,0.0010194319439230024,0.0010192154025048753,0.0010895296152591083,0.001059739189287846
132,0.0012522655642259236,0.0008793646705505108,0.0010711632866379549,0.0011260531291190133,0.0011057148950459538,0.0016402581572382284
134,0.001300683311404234,0.0012703396718864522,0.0010020963653759878,0.001037234718070486,0.0010898599862263847,0.0011592864246601712
136,0.001212676682278532,0.0012300290420829679,0.0011369015612891205,0.0012024828525817803,0.001143820581396369,0.0015578000519371432
137,0.0013200251232624064,0.0013164683322730774,0.0009868086776003606,0.0010252775705037723,0.0010658640734955357,0.0008553788898784834
139,0.0009715409478112782,0.0009129347388300657,0.0009701557578861251,0.0011709420136654458,0.0011293788873539305,0.0016045178422951262
144,0.0011093902615707631,0.0008631293453812003,0.0010264372540553259,0.0011330405613137525,0.0011273765109796852,0.0009764593757755882
155,0.0013413255342473486,0.0012387280117675528,0.0011952337123013312,0.0011969450955583887,0.0011535533176289302,0.0012919943710439483
177,0.0013096830221220202,0.0012459011006231585,0.0013814998589953566,0.0011974161425308894,0.0011554610646285063,0.0009527318977388653
183,0.0012127910619993453,0.0008498664782199363,0.0012538543704741431,0.0011440775746445046,0.0012101748000080696,0.0009009048687512622
186,0.0012350864500352918,0.0012929849359773204,0.001232545556460404,0.0011515610616837832,0.00117452998674842,0.0009270632175527607
188,0.0013075132064221016,0.001287456857928062,0.001313423635485246,0.0010376597429697142,0.0012069286997184777,0.0010989209187285086
190,0.0012877600115330063,0.0013462299564077056,0.0011977507447415913,0.001022513969105213,0.0011924996063411234,0.0010299216603715773
192,0.0009107565917472296,0.0012404892399203872,0.0010474372668236548,0.000971722845390277,0.0011252002533984938,0.000983430750683606
193,0.001338048077424125,0.001275334906434354,0.0012520697953476469,0.0011713212593906987,0.001183369537758589,0.0012843313209736085
194,0.0012965499939624125,0.0008254135938604605,0.0011738552853690928,0.0011697029167283429,0.0012535651067944967,0.0010048941729146111
195,0.0011352466352761625,0.0012457398660681226,0.0011652437422230014,0.0009390905964058519,0.0011199735431014041,0.0011963701619220495
196,0.0012499753229099433,0.0012168669949499434,0.0012070116234975093,0.0011688340640495926,0.0011547781590275827,0.0017317416460986559
197,0.0009192555819150779,0.0012870060977060317,0.0011744305574541603,0.0009534097106681568,0.0011011324851858274,0.0010254523507234165
198,0.0013229597150440275,0.0012593588138865575,0.0009696758377914993,0.0011721727582374559,0.0011782395806720274,0.0017688465907906422
199,0.0012413075679721418,0.0012944484780204484,0.0010036783288995634,0.0011497877849079576,0.0011231382408664922,0.0009650218049196168
200,0.0009537486878424063,0.001244126076677984,0.0011016142037651349,0.0009252944743305605,0.0010756195462225263,0.0008092765733063446
201,0.0012420598749056792,0.0013046645464612006,0.0009935569482964932,0.001160495628981412,0.0012110381903618884,0.000997133765181544
202,0.001268093869532213,0.0012967002543868707,0.0009924082070116422,0.0011693818026289775,0.001133832042753593,0.000941205090983199
204,0.001096519702658971,0.0012412424945860351,0.0012473392998301168,0.0010473558732142648,0.0011188039726416528,0.0010564723803212963
205,0.0012595819995754722,0.0013253573035826498,0.000977759730383159,0.0011788459280353616,0.0012887428097841328,0.0009902331673610064
206,0.0011146139400803159,0.0012330556086724994,0.0011088691514857996,0.0011543216221107566,0.0011210016499144644,0.0009952201866603914
208,0.001180558512352833,0.0012338974461102992,0.00106425500175613,0.0011498716701127756,0.0011252400821036555,0.001835597831647569
209,0.0009581616947616313,0.0012418815896411163,0.0010744962730179284,0.0009515035219126094,0.001117059338722792,0.0009805089143663606
210,0.001313317519258719,0.0013212622503573418,0.0009749452116361874,0.001141707502637344,0.0010628558149794634,0.0010855985263777139
211,0.0011563139755790446,0.001316399853478995,0.0010972266774061398,0.001202679940678983,0.0011023055684132397,0.001656994529277359
212,0.0013254918824894472,0.0012906750152218277,0.0010261415782817384,0.0011722643107573616,0.0011848295237494426,0.0013479378305098974
213,0.0009872122591121856,0.001205780919537589,0.0011897115466274946,0.0011814508582599589,0.001116066617203747,0.001099980480835468
214,0.0010269003142164776,0.0012690348638333406,0.0010465426363050422,0.0011800153516965477,0.0011523041931744665,0.0016247801773181852
215,0.0010927122824670099,0.0012132256007043479,0.0011003451936172789,0.0010606395890892643,0.0011237354419440443,0.0016124117494273889
216,0.0013381470130559463,0.001253364067105714,0.0009845325026887005,0.0011784951326618673,0.001124560641297579,0.0009445108676918843
217,0.00132844123093278,0.0012677873053187313,0.0010376749480187947,0.0012022197783687263,0.0011181871158556444,0.0011721705303287774
218,0.0014579779100621986,0.001252633295297036,0.0010966360428641656,0.0009459826995992877,0.000939841302624024,0.001188773265026549
219,0.0012988537400298935,0.001253603043082184,0.0009965376288959397,0.0011613405988988995,0.0011939992396070931,0.0017121506503596081
220,0.000851132515259399,0.0012228143970935907,0.001009633672768328,0.0011713542920964407,0.0010932864362270985,0.0010358395884962302
221,0.0014132107236943892,0.0011924286537742027,0.0011740092372107321,0.0011964435848124302,0.0010795624111954174,0.0010097921632093308
222,0.0015369620915451354,0.00126415368097455,0.001019875093850178,0.0012140048428468686,0.001226232567796949,0.0012005804609055994
224,0.0015884824797489712,0.001264219008877826,0.000972405625166346,0.0009906113331191652,0.0010991112097218736,0.0009923201082343257
226,0.0009452301227560839,0.0012815131893086727,0.0011739412434515028,0.0010193468526233315,0.0011163779292851167,0.000983465480417306
227,0.000997384750993461,0.0012560943895335794,0.0011973387289604227,0.0010426471008414067,0.0011200946928888508,0.0009277516179672682
228,0.0012990914664611762,0.001241227135601606,0.001018678960146512,0.0010516039893479062,0.0011239121838149924,0.000995626614355281
229,0.001465056216758538,0.0012485731014150656,0.0010435463865629867,0.0010184002099535888,0.0011677439776974108,0.0010227988678599576
230,0.0011542576883266965,0.0012819225722210585,0.0010144764994186506,0.0012235520715110173,0.0011281948103485887,0.0010516241115796153
232,0.0012864137411897798,0.0012608107249904297,0.0010530258368480333,0.0012132285850133028,0.00119530986155479,0.0011526177175758346
234,0.0015401516497892652,0.0012262954774531043,0.0010346125874059898,0.0010170461911602608,0.0011152813966826328,0.001033926290699022
235,0.0015401035489818306,0.0012262954774461747,0.0009843874893609903,0.0010170461911602608,0.0011322058358456577,0.0010344883758017255
240,0.0011224692093340636,0.0012570844604094249,0.0011826300564266796,0.001208749701785243,0.0011181307585354273,0.001057130891543622
241,0.000922896157661351,0.0009598189517395849,0.0010513925216205473,0.0009884267530242863,0.0011337241198809869,0.0009096250031838918
242,0.00114783021383959,0.001240080196796087,0.001062360775135018,0.0011611247753194871,0.001111661338542976,0.0011663132459770885
248,0.0011135689738980816,0.0013450380288969686,0.0011898643726844654,0.0011890417880499964,0.0010355170557334139,0.0009317982836948005
249,0.001300287979262157,0.0012693321251746592,0.0012722930350139894,0.0012057246317236545,0.0011710021548478138,0.0010545925699871174
251,0.0013048501407929682,0.001302806778365224,0.0011735184141259591,0.0012170580237357376,0.0011075827841718628,0.001191953759238626
252,0.0014355491545269459,0.0012980212786954052,0.001044229358876357,0.0011925031660808198,0.0011122313919393605,0.0009191779584687278
253,0.00131615180227998,0.0013182476857425878,0.0011774605682701288,0.001229631023039533,0.0012677240910623482,0.0010905099836903522
254,0.0014377623144382196,0.0012565020323994874,0.0009823676805522346,0.0009682708183729473,0.0011020011289589002,0.0017816930219229504
255,0.001297403257269948,0.001243794943798469,0.0010038558092802094,0.001181137743292962,0.0011295976388902506,0.0010348470712181663
306,0.0009969194561457266,0.0012582323310806188,0.0011738479606463938,0.0011373972023040893,0.001129965358657633,0.0012161090859848687
312,0.0008189473246306095,0.0012419558740031414,0.001190452904943584,0.0011487906892562016,0.0011144562104581596,0.0009880451139106534
320,0.001062116753783397,0.0012658732114416197,0.001193581604277793,0.0011660078548825865,0.0011217543926465635,0.0014998601780903023
325,0.000887981891462167,0.0012560439698963536,0.0010428260335484782,0.0011009040827476765,0.001121959015275662,0.0009475594211085518
327,0.0007935640268182993,0.0012477181503966113,0.0011971478874316028,0.0011431773130520992,0.0010671810656573053,0.001222977237912343
339,0.0007650311833203043,0.0008646341011190528,0.0012031704925808593,0.0010481645295789168,0.0010914616399787934,0.0010815892800222274
340,0.0008982935212831191,0.000848668364916916,0.0012439256171300854,0.0011867988080833858,0.001103160956313161,0.001271575368854581
347,0.0007703144050990424,0.0008240086948564777,0.0009909266876140354,0.0009504601210787982,0.0010102014644440625,0.0010102917913751702
350,0.0008229389673956548,0.0008085130780836054,0.0011618882323724685,0.0009567973455476828,0.0011168807990920677,0.0009544513513177716
351,0.0015295261949985835,0.0014363770520213156,0.0012885995804215265,0.0013017795726256237,0.0013310256060193966,0.0012735977142415787
355,0.0014978619351329592,0.001375573599316182,0.001299299447029493,0.0012978787363439217,0.0012695682444623154,0.0013220107104291827
358,0.0014707871542902322,0.001341054056615057,0.0012479106742008593,0.0011929361471510003,0.0011391453033151983,0.0015616434960984784
360,0.0008722506907912903,0.000846722869223385,0.0011584835599273084,0.000988481072696289,0.0011214780794088469,0.001167050297658023
362,0.0015725661503570721,0.0014221120505905544,0.0013307173327956247,0.0012077557920308342,0.001077711724502914,0.0012633975013832776
365,0.0009653828666270441,0.000828021423491977,0.0010249242620665015,0.0009702790187945961,0.0011097780530865355,0.001254892312325845
366,0.0014325923133503323,0.0012566546777312585,0.0012840863621696162,0.0012540146564238856,0.0012629633255238748,0.000953441538466943
367,0.0014711666889220493,0.0013597048892414127,0.001201107929598411,0.0012727951819073052,0.0012096495809654911,0.0012079969229758822
369,0.0014660866797642374,0.001341131947394113,0.0012306090157963596,0.0012768312076703802,0.001174656121520791,0.0010165491812663583
372,0.0015261219075194898,0.001362290665873006,0.0012787608628652268,0.0012776793632757095,0.0013118458660688612,0.0010647478633392887
373,0.0015139495286836649,0.0012811097370042186,0.001254478606617208,0.0012608837425512262,0.001253927800039321,0.0013171154655033505
374,0.001416787388470364,0.001278869036805147,0.0012233581407687165,0.0011815954068098925,0.0013010789757646724,0.0016750863955844594
375,0.0014763292253870885,0.0013466162960270574,0.0011949736402621753,0.0012469719986467165,0.0011800570326495606,0.0012168973894208669
376,0.0007218020141521978,0.0008437355089294903,0.0010034622575511589,0.0009154899586070935,0.0011084359293952843,0.0012490386865086974
377,0.0013922291149928738,0.001360689686838914,0.0012313885903683908,0.0012457963660853274,0.0011841657917520238,0.0015046302411731009
379,0.0015018590023123664,0.0012986239614972105,0.0012835791686976125,0.0011961431693953979,0.0011881516916697275,0.0012791550210219395
380,0.0014326219036062751,0.0012418730392241104,0.0012145002312886584,0.0011470518149977464,0.00124891889757068,0.0011273216251360917
382,0.00143235678807899,0.001336133454583578,0.001188196777979171,0.0012569129515355465,0.0011996360511222026,0.0012216035413511223
383,0.0015466525564771468,0.0014271683526524488,0.0012299500715892457,0.0013488202303232981,0.0013536248624357653,0.0011531849892429434
384,0.0014419552447940006,0.0012590982066142742,0.0012360184043697085,0.001246508585322643,0.0012728691563030135,0.001237667401745283
385,0.0014493400120668821,0.0012452009986035064,0.0012558380359957877,0.0012651262745911236,0.0012674523322668907,0.0012152103391120618
386,0.0007359276923608504,0.0006534933818241095,0.0010420200026082654,0.0009278464526041544,0.001091629940413068,0.0016114829862163135
387,0.0014490060556336924,0.0012475403525965395,0.0012517359443545188,0.0011968479454051082,0.0011786580708589818,0.0019564498040937624
388,0.0015222807864252678,0.0014360881497085375,0.0012221726174000136,0.001249399658058921,0.0012668530985131445,0.0011927109607348912
389,0.0014754930688617757,0.0013708399738389264,0.0011877205168181102,0.0012171346411508392,0.0010836311355214307,0.0009086364556643168
391,0.000716554550088003,0.0008237965008996663,0.0009780589058276839,0.0011798279783182938,0.0011090313740890058,0.001737985953533597
392,0.0014415749686894376,0.0012446062937697515,0.0011858302906963512,0.0012264052516162498,0.0012066946152171326,0.0012110031095663584
393,0.0015355199927375865,0.0012918892147793513,0.0013408933329291956,0.0013151153001635658,0.0011831585251894882,0.0010307539043979946
394,0.0014628822584094598,0.0012678686395935393,0.0012976665426510802,0.0011989670976061697,0.0012244636233838327,0.001497439623221714
395,0.001457300027104997,0.001273508604299697,0.0012403171597449112,0.0012425676703726831,0.0012124943813587694,0.00125444491920767
396,0.0008698633493556683,0.0008442836147128294,0.0010927495891505908,0.0009842688872973254,0.0009758239854043608,0.0010487448135813801
397,0.0016237092063418278,0.0014516901776283,0.0009854112900359714,0.0012607526080716657,0.0013510200741209814,0.000991227211411926
398,0.0014841845354158826,0.0012900565366328345,0.0011506227424561773,0.0013489886038790964,0.00108931798370004,0.0012930480068311717
401,0.0014705724646479137,0.0012396468064587174,0.0012414154537597208,0.0012290286876588123,0.0012889559725603968,0.0015281208885496852
402,0.0015139021928791923,0.001260550739240262,0.001009156184363412,0.001237679727532028,0.0012109462886305473,0.0012735925518942135
403,0.0014900454103915029,0.0012544576895572902,0.0011688333781286818,0.0012599550033551364,0.0011863823295196311,0.0012322579492660413
404,0.001486329609868281,0.0012839443916189727,0.0012847934245965706,0.001253322563714736,0.0013146237789071682,0.0012601028985063138
405,0.0015007683302669201,0.001303422864306543,0.001245600752330644,0.0012811346626379993,0.0012933940629281308,0.0012203056193298943
406,0.001495411199434599,0.0013198744259616453,0.0012250301655135636,0.001336017461909178,0.0012535119743888887,0.0012052443289456453
407,0.0014413530080618696,0.0012448530063108726,0.0012570465148329065,0.0012708377473342777,0.001224742529756674,0.0012284293068405194
408,0.0014988544850016564,0.0012998354312818,0.0011919830815478023,0.001222214513953797,0.0011887945426227525,0.0009440102189423117
410,0.0008048572086876432,0.0008237201391578476,0.000991291002734487,0.0009150629967592525,0.0009572835374287742,0.001018036102759964
411,0.0015047125811560164,0.001226708491951791,0.0010351918527629592,0.0012185058796557776,0.0011310762334337406,0.0010331067635509597
412,0.0014308349754707742,0.0012282290667035348,0.0011751309343593767,0.0012085287076735972,0.0011253737767091692,0.0012350217152757522
413,0.0014504308864671034,0.001234118197678592,0.0011775263195145463,0.0012118288450895475,0.0011703580046189535,0.0018528471099314517
414,0.0014485490078159167,0.001266162815442032,0.0011914739768434214,0.00128240009724216,0.0011817745944763688,0.0009377588716320596
415,0.0008497716018334824,0.0007090333101942021,0.0010518904335738112,0.0009661263666018515,0.0010850210539111091,0.0010745269658628254
416,0.0014374137969527592,0.0012659263060494932,0.0011711466916784544,0.0012030893793591568,0.0011377514231342616,0.0015257938389695717
417,0.001274943744740262,0.001249341223622305,0.0011632929531320052,0.001187673923752848,0.001127766882662532,0.0015105307498677447
418,0.0014308348214807894,0.001231528000319227,0.001150695613726353,0.0011958915914420925,0.0011256082869187099,0.0011125051230788936
419,0.0015100169619274844,0.0012823243881836049,0.0013025286634271035,0.0013339223184950866,0.0012712215870380038,0.000997782340266817
420,0.0014784921423190182,0.0012545864109303974,0.0010562894246753877,0.001217372549160402,0.0011120155938112487,0.0010692884306702979
421,0.0014729531632395616,0.0013039723879173406,0.0010396235577341223,0.0011777174916253314,0.00105602063322833,0.0012680355226515022
422,0.0008342556181993617,0.0007965928786312249,0.0010745582155572357,0.0009409135720270855,0.0010748228703205628,0.0009824751116129936
423,0.001547578551247043,0.001255721825387363,0.0010780475796154548,0.0012147401712313346,0.0011261073325308452,0.0011034298745752347
424,0.0015096830528048822,0.0012795696362335738,0.001158792721753009,0.0011989714005615378,0.001258053482517962,0.0009422726695842288
425,0.001547705778503298,0.0012953754251488667,0.0010305786789737178,0.0012152420842876242,0.0010165739079511,0.0009384546094262567
426,0.0014466744487839189,0.0012466287669335326,0.0011685769959378265,0.0011812129234391872,0.0012244199395206135,0.0009172572371774078
427,0.001422098799190196,0.001365191738952218,0.0012404474009384094,0.0008565585574142167,0.0010718617930911842,0.0009498078263074952
428,0.001637650979435047,0.0012726223190609553,0.0011344904210663714,0.0013361909281204476,0.0012269407829134465,0.0010322014784345571
429,0.0013924631720620138,0.0012714403118244079,0.001140624090911407,0.0013023989235078069,0.001220941656956035,0.0010141518228613197
430,0.0014510430581674573,0.0012623609269736646,0.001050445338557811,0.0012116337358922512,0.0011291780648604811,0.0011208499656080453
431,0.0015919847019454899,0.0013602570427437976,0.0008557798354323284,0.001179850171758691,0.0011112180076708188,0.001225703179093285
432,0.0007563099886838691,0.000624604305785644,0.0010547336155192464,0.0011640947788136616,0.0011285012249828885,0.0010554443648529738
435,0.001458665565842213,0.0013221497178141197,0.0009768334500471702,0.0012067958214669304,0.0013470848717339232,0.0012081296417956193
436,0.0015235107495504214,0.0013245934121699672,0.0010147412788568636,0.00125904988113836,0.001078593489915805,0.0008900658757101437
438,0.001260946240152959,0.0013158592367634703,0.0010367496121021042,0.001221242598424179,0.0011228380664814936,0.0011306993599435834
439,0.001575355525704588,0.0012901402161569,0.0010080590786094934,0.0012065073509608722,0.0010716279295525876,0.0010906556746734985
440,0.001503547998667218,0.0012517605521132223,0.0011628252995581525,0.0012155783494963832,0.0011939870447140806,0.0009644539813256205
441,0.0016140650880483733,0.0013639008453145594,0.001184690839499701,0.0012027694947717856,0.0010425188276645624,0.0011645258666898287
442,0.001473738237464496,0.0012487062025073193,0.0010501048621585232,0.0012757967348719663,0.0011691188555508852,0.0010737728284253357
443,0.0014312350620479099,0.0013763315173190736,0.0008840754177220323,0.0012030257254981038,0.0010772722961795516,0.0012681060851866435
444,0.0015621955877152165,0.0013672398885586359,0.0012111934420264122,0.0012331958239187404,0.0010393513264406679,0.000995153589497263
445,0.0014733807640716961,0.001359388034260231,0.0009904149974870446,0.0011897954352138866,0.0010834690039835664,0.0012042646859559089
446,0.0008097619310481724,0.0006563103619909314,0.001064675785211743,0.000893102511417127,0.0011043665031980618,0.0011601044596726304
447,0.0014294299768657433,0.0013002253670498993,0.0009829051163803737,0.0011977313770035142,0.0011768405646189737,0.0009273712577717518
448,0.0015544567150786528,0.0012336768131380896,0.0009088374803818817,0.0013602912412744822,0.0013260349673685202,0.0011081592270790884
449,0.0014178040037315398,0.0012869577055556272,0.0010694448601201749,0.0011517556911902426,0.0011103049066649075,0.0012338834243751395
450,0.0013946230792720189,0.0008647621221328497,0.0010419811898046433,0.0012055053764391806,0.0011082824194629727,0.0009765369630130109
451,0.001332377380017377,0.0012873394628402195,0.0011457916351422773,0.0011801339495146187,0.0010896081197050193,0.0009305924896531843
452,0.001477681760488622,0.0013693923979539232,0.001021040613525625,0.000962803584043431,0.001039554458339233,0.0010267261836080593
453,0.0007274771740645728,0.0007150011329746601,0.001058686171873654,0.0009131048302794035,0.0010891859523137616,0.0012041389836642065
454,0.0014251644195307032,0.0012361964560374714,0.0010119789348054524,0.0012366010264781607,0.0010657300657328063,0.0009745919655496276
455,0.0013346137804437946,0.0013298839513517316,0.001003402653811836,0.0010515480939627614,0.0010489207997401244,0.0009236360596183483
456,0.001516262182345949,0.0012256318594745627,0.0010335446010530773,0.0009963366812779499,0.001211144116485362,0.0010768650612611728
457,0.0013993845656513923,0.0012701858195862065,0.0009762214241089665,0.0012172989749204644,0.0011382582992451626,0.0009706389864770385
458,0.0013160859353611178,0.0012228923961049444,0.0009769945048241518,0.0012027157945825484,0.0010839788928259837,0.0010473276051035877
459,0.0013046685341346446,0.0013299274443253522,0.0010068581977153664,0.0011868453065835922,0.0010794481680056391,0.0009715254666782998
460,0.0013099783446177805,0.0008150672437247078,0.0010133924122608217,0.0011676237396515041,0.001118779137938904,0.0007292685003470749
461,0.0010345273195441248,0.0008491553012316729,0.0010012611785417994,0.0009282964396315936,0.00110607516355365,0.0012350169488858274
463,0.000996096367250278,0.0007169542492117486,0.0010759198359530163,0.0011964272386481344,0.0010800946336705754,0.0010151449669128362
464,0.0013404028647073618,0.0011926410092768474,0.001062062826804998,0.001158037370160118,0.0011458942927627617,0.0012447846160729124
465,0.001343960461303491,0.0012456747314014039,0.0010386958974238436,0.0011553092349330404,0.0011876814831191052,0.0008816148948005689
466,0.0008094166501575436,0.0006965690066911105,0.0011783744392178748,0.0008775936491237522,0.0010862945408101658,0.0010913064077918656
467,0.0013353553220687418,0.0012318063143276574,0.0010372845240137283,0.0011909069563546563,0.0011220754326832635,0.0010296825450106853
469,0.0007142585289476873,0.0008501182556612315,0.0010861264282545956,0.0009031633926168436,0.0009510556851953991,0.0011667064620338174
471,0.0011080000967909425,0.0012176725014102587,0.0011841216514895466,0.0012327333491765648,0.001063247894248718,0.0009831258491884041
476,0.0008194990564187802,0.0008331150588165187,0.0012644539657035432,0.0009147461958617647,0.0010905539509271684,0.0008952095367811301
478,0.0008857631585961235,0.0009508315149791792,0.0010986085833496054,0.0010842498980578553,0.001029277287033671,0.0009139590552436111
479,0.0009256077285952535,0.001019671375887551,0.0010064007589392523,0.0010014271073593153,0.0011224119549553013,0.00106060889433845
485,0.001386874375354368,0.0008432199838586134,0.0009768007189739861,0.0010408456406241298,0.0013262958783579267,0.0012097563762920166
497,0.0010894309068607737,0.0012212782819414649,0.001170918667629413,0.0009462062293527165,0.0011043503463197654,0.0008327809661984035
500,0.0009460212452647441,0.0009318644350049387,0.001167548459277359,0.0011827094420745446,0.0011224892768479054,0.0008907244588342326
501,0.0007555062949483617,0.0008417981992907947,0.0009808229132600183,0.0009212162323604243,0.0009348615395571881,0.0009786890378125795
502,0.0006301402410619992,0.0006976873336128377,0.0012024484675351222,0.0009685664615501301,0.001071971173677645,0.0012480303490341109
503,0.0009691824341658696,0.0012632506816018499,0.0009575468894345948,0.0012893428453268825,0.0011647102134897786,0.0012624101809231751
504,0.0007420441571844929,0.0008586392918528613,0.0009892986139702457,0.0009098845153429637,0.0009654975378860512,0.000957183126342011
505,0.0008393766750344094,0.0012164343982332066,0.0011530836612561257,0.0011892140333411455,0.0010770608519521385,0.000959607321702788
506,0.0007864870356741132,0.0009235296765153279,0.0011571916907902344,0.0009851396955616533,0.001119721924706362,0.0009680609518549382
507,0.0014202143008576072,0.0013435515351485371,0.0008913132401344421,0.0012507092578322777,0.0013501701291870945,0.0010069822195510727
510,0.0007794151197925104,0.0012341905986025144,0.0010139547206428577,0.0012119594043957659,0.0012097191794129191,0.0011273615882171615
511,0.0009356319861577435,0.0008551467227891905,0.0012007289388714516,0.001205381625143021,0.001117853687563316,0.0019057212009914648
513,0.0008741943465809057,0.0008341304790956072,0.0012042998295820114,0.0009997541281819484,0.0011253778614317739,0.0010527799359070496
516,0.001178887853950885,0.0012312179933406944,0.0011483748799124736,0.001034238486736255,0.0011287517368664653,0.0008106704650939926
517,0.0010178326361298226,0.001301016727353431,0.0012668979265099238,0.0013212505240731147,0.0010703277916615673,0.0012510095433406058
518,0.0009064981389332245,0.0007986535091405821,0.0012119121162996423,0.0012642404419966919,0.001177800534692153,0.0016371169194116478
520,0.0008036146635564868,0.0008824671849944736,0.0010326952613495138,0.0011515204173012748,0.0011186587172185795,0.0010023783458215588
521,0.0009127952707990017,0.000881474220096146,0.0012557793884143081,0.001312614141570433,0.0010811324731764228,0.0008520131165115527
522,0.0007133969299454303,0.0007668191352244004,0.0011567815069820114,0.0010307857074647116,0.001066133679642342,0.0010284323405003694
523,0.0008586834673106603,0.0007737378453758202,0.0011542235141826485,0.0011991986045992986,0.0010546228465049062,0.000819377615283387
524,0.0015202208628522285,0.0012429360028485873,0.0011750071568517534,0.0008887527569618726,0.0011175295205463965,0.0012569901584245917
526,0.0013451425420675158,0.0012606830035850926,0.0011670354135747897,0.0011990942799973644,0.0011142947422612664,0.0008720680450827261
527,0.0015234737029915725,0.0012467360296040517,0.0010686205213507381,0.0011701231337085019,0.0010791784406737166,0.0012640978986850232
535,0.0014524669487202071,0.0012389952401199778,0.001298435024912547,0.0012149852625348027,0.0012422299838618944,0.0011716554912582589
540,0.0013081012172327998,0.0012175719087607441,0.0012888258812974417,0.001151225435138026,0.0012480986002561532,0.0010786004407630806
541,0.0012402290722022028,0.0012507135829345226,0.0013247122227187892,0.0010338750749995097,0.001235963685614005,0.0009778562622958225
542,0.0013386576955869,0.001247436864083674,0.0011562214699114106,0.001207097724633435,0.001195978852937748,0.001075456935831551
548,0.001482648134741668,0.001265039819138126,0.0011651831466413054,0.0012806541004211753,0.001208815270835689,0.0013020564125681153
549,0.0008861245102767842,0.0007935024549895631,0.001198561905716986,0.0011756782049926952,0.0011835579230211311,0.001258410215861277
552,0.001499710473678608,0.0012834584461117833,0.0011407650232029979,0.0012372017096565963,0.0012725829491211204,0.0010567503864183639
557,0.001586218821878371,0.001237890841199187,0.0009836756415852192,0.0013242923781839183,0.0011777096856786973,0.0009725554502201643
558,0.0008657814454803752,0.0008697860348559117,0.0010261390560144406,0.0009854596856350515,0.0011152854702326002,0.0008704664903354299
559,0.0011156752120960987,0.0012173468478582016,0.0009440580058098618,0.0011620940367072711,0.001085884776048595,0.0010178405909867644
560,0.0012455142925821506,0.001246226885066805,0.0010252328697391013,0.001180343522801367,0.0011019783615335665,0.0009050784295824447
564,0.001244584876732339,0.0012610952916447214,0.0011908924074493766,0.001164317229062823,0.0011027309084938994,0.0012799484589450238
