OBJECT_ID,County_Name,Population,Town_Death,Death_Rate,Poisson,NB_BYM
1,Cape May,176,0,0,1.9309785682389218,0.44110893359618125
2,Cape May,1093,0,0,0.9613023706390897,0.4569396917743248
3,Cape May,3463,2,5.775339301183945e-4,4.3668077903159555,2.394575179504249
4,Cape May,3096,0,0,3.237715857276915,1.0964556890608865
5,Cape May,385,0,0,0.8760123991963918,0.44382236263588076
6,Cape May,3812,3,7.869884575026233e-4,4.851346621017621,2.9699775518102567
7,Cape May,21653,42,0.001939685032097169,15.320873575829896,37.67449935245977
8,Cape May,885,0,0,2.9165851062411066,0.9126472308730625
9,Cape May,1406,0,0,4.2916974873823746,1.0986827378663828
10,Cape May,18365,13,7.078682276068608e-4,13.139308731282895,12.349433258536987
11,Cape May,2147,0,0,4.326833490688398,1.1499652304231078
12,Cape May,2341,11,0.004698846646732166,3.87742125273073,8.959243384762663
13,Cape May,6204,11,0.0017730496453900709,5.06664365317667,8.643526209993423
14,Cape May,11132,3,2.6949335249730504e-4,17.610910833569744,4.707404461341036
15,Atlantic,869,0,0,2.8161929466846116,1.102812415222767
16,Cape May,11886,3,2.523977788995457e-4,6.105814845765608,3.338864009574032
17,Atlantic,537,0,0,0.2635075064985541,0.15230120867314878
18,Atlantic,10321,0,0,9.983628435711077,2.597477616497902
19,Atlantic,5997,2,3.3350008337502084e-4,12.17198982321388,3.757853793618667
20,Cumberland,4979,3,6.025306286402892e-4,2.5646527695024557,2.4928601856166464
21,Cumberland,1107,0,0,0.8863921525555862,0.46746417731545364
22,Atlantic,10095,3,2.9717682020802375e-4,12.590257258212766,4.62801779540853
23,Atlantic,6742,13,0.001928211213289825,6.980023306493003,11.603201175072202
24,Atlantic,8153,31,0.0038022813688212928,9.081839639085239,27.552723347477734
25,Cumberland,3123,2,6.404098623118795e-4,2.988355024151601,2.1548768717820015
26,Atlantic,37999,15,3.9474723019026814e-4,37.88212704877489,17.58048957648524
27,Cumberland,599,0,0,0.47632811817710835,0.23213672380548658
28,Atlantic,2755,1,3.629764065335753e-4,6.804729608014329,2.0752610701398395
29,Atlantic,1728,0,0,1.0907082358734614,0.5950370654881763
30,Cumberland,27721,39,0.0014068756538364417,23.417813666492325,36.44975740566503
31,Atlantic,8832,1,1.1322463768115942e-4,12.553180233697535,3.1077176057844103
32,Cumberland,24540,36,0.001466992665036675,39.384250599853914,37.49315417141174
33,Cumberland,399,0,0,0.2288338027186984,0.12339070574380114
34,Cumberland,3053,2,6.550933508024893e-4,4.728278002468345,2.566218397055282
35,Cumberland,4386,1,2.2799817601459188e-4,5.304011793119017,1.8960264579346908
36,Atlantic,4356,4,9.182736455463728e-4,3.3828506085494596,3.25715655913369
37,Atlantic,1121,0,0,1.1350170540131364,0.6218745261253606
38,Salem,1719,0,0,1.434366588085904,0.5940149875372464
39,Cumberland,7379,6,8.131183087139179e-4,6.35093693342884,5.332321313005332
40,Gloucester,1521,2,0.0013149243918474688,1.6174389723919993,1.6882396654234149
41,Cumberland,60034,57,9.494619715494553e-4,81.22692967248074,57.9832679435737
42,Salem,1052,0,0,0.9376168698753307,0.4276766620549847
43,Salem,2278,0,0,1.7179130700904095,0.7628960522661179
44,Ocean,1090,0,0,1.2639410027002604,0.5266056713015278
45,Salem,4781,1,2.0916126333403055e-4,4.490200954988837,2.0967419241318384
46,Atlantic,25973,8,3.08012166480576e-4,18.16710475377217,9.04799557245343
47,Atlantic,7295,1,1.3708019191226866e-4,5.238443009120618,1.9745755819169892
48,Salem,1436,0,0,1.1789461606646185,0.6508811510524659
49,Salem,3357,0,0,2.9686656084176724,1.0651753839264666
50,Ocean,3367,0,0,2.123039958975912,0.9781580150473166
51,Atlantic,1697,0,0,1.4141684261947634,0.6189946287779681
53,Gloucester,16440,7,4.2579075425790754e-4,11.206796797917752,7.153916568836255
54,Salem,3456,13,0.003761574074074074,4.031442048968975,9.898094324738077
55,Salem,3373,0,0,4.130612477584172,1.1775853674677699
57,Salem,1748,2,0.0011441647597254005,2.978199978329008,1.8117913005085944
58,Gloucester,8626,1,1.1592858798979828e-4,9.10108815181361,2.526422452627565
60,Salem,12571,3,2.3864449924429243e-4,12.741069538787485,4.28768510378369
61,Gloucester,4135,1,2.418379685610641e-4,4.882078307849287,1.9135559363207648
62,Ocean,475,0,0,1.3980678697861892,0.5155966824167922
63,Ocean,1583,0,0,1.3166147088286886,0.6208871612363526
64,Salem,4011,0,0,4.138686347955728,1.2318941090688396
65,Gloucester,36789,12,3.261844573106092e-4,31.565401246051643,13.28234557915721
66,Gloucester,3148,0,0,2.2093757747170564,0.9812531290851968
67,Gloucester,19826,7,3.5307172399878946e-4,18.801311835726374,8.207384842321188
68,Salem,4816,6,0.0012458471760797341,3.8092488147445804,5.441558303126493
69,Camden,1489,1,6.71591672263264e-4,3.0333106680678754,1.5378735904257659
70,Gloucester,8805,3,3.4071550255536625e-4,7.52542413434275,3.6688171087761963
72,Gloucester,2579,2,7.754943776657619e-4,2.119401733014491,2.297257225115001
73,Gloucester,12995,1,7.695267410542516e-5,7.095325050688969,2.4100137159091246
75,Burlington,1319,0,0,0.5471363803724416,0.26844240961055765
76,Ocean,21127,17,8.046575472144649e-4,24.589612117903194,16.925582952889997
77,Burlington,774,0,0,0.4979273211746339,0.28275617860520863
78,Ocean,27347,29,0.0010604453870625664,23.97754014676904,28.11144257684251
79,Camden,38829,35,9.013881377321074e-4,34.88284008987573,34.381245336070016
80,Salem,1760,1,5.681818181818182e-4,2.3748929344023,1.388334963844066
81,Camden,10702,4,3.7376191366099795e-4,9.15185709251015,4.624565917914491
82,Gloucester,12549,4,3.187504980476532e-4,9.617354434526977,5.103424796698798
84,Gloucester,14941,2,1.3385984873837093e-4,11.733241894069568,3.5710225866262353
85,Gloucester,2259,1,4.426737494466578e-4,1.7075918626960442,1.122690910500356
86,Gloucester,47833,40,8.362427612735977e-4,42.34176036545821,39.231218632794686
87,Camden,10442,3,2.873012832790653e-4,7.401757445554768,4.023698999717355
88,Camden,7539,11,0.001459079453508423,7.152486426293307,9.58947394129216
89,Camden,4918,5,0.0010166734444896298,4.662204583643053,4.803984044346152
90,Camden,1959,1,5.104645227156713e-4,1.4724074464487187,0.9880109412586763
91,Gloucester,10488,1,9.534706331045004e-5,8.285297619806146,2.5840130895666773
92,Ocean,22754,11,4.8343148457414084e-4,28.5297502872411,12.203228909434708
93,Gloucester,2986,1,3.348961821835231e-4,2.4353590077353418,1.3878428827326375
95,Camden,17320,11,6.351039260969977e-4,17.273520071585768,11.999908632648506
96,Camden,6971,2,2.8690288337397793e-4,5.605421230979095,2.75561258288805
97,Burlington,6396,1,1.5634771732332708e-4,3.9361963834535763,1.8003074351316328
98,Camden,988,1,0.0010121457489878543,0.7058699987644802,0.764827567219396
99,Gloucester,5924,1,1.6880486158001352e-4,3.672656044180505,1.831022394843545
100,Camden,2169,0,0,3.01895686039535,1.346250761271042
101,Camden,63705,58,9.104465897496271e-4,64.79018774862055,57.857140529073
102,Gloucester,4831,3,6.20989443179466e-4,4.128205433074819,2.7356125467506636
103,Gloucester,9861,12,0.001216915120170368,12.364659494235438,12.098956767263932
104,Camden,5448,1,1.8355359765051394e-4,4.758735488659275,2.0712572688155917
105,Gloucester,5904,4,6.775067750677507e-4,4.267065518002913,3.8469487833376785
106,Camden,8327,3,3.6027380809415153e-4,8.328861346989777,4.07987714606706
107,Camden,4272,1,2.3408239700374532e-4,3.602480510004383,1.8224529444147595
108,Gloucester,30448,90,0.0029558591697320022,33.54180985889912,83.21190418537103
109,Burlington,3984,0,0,3.6700066780001253,1.4842666062597065
110,Camden,11398,8,7.018775223723461e-4,14.169333171843563,8.5071559866199
111,Burlington,6851,4,5.838563713326521e-4,6.102344143218395,4.519859924877752
112,Camden,2885,2,6.932409012131716e-4,7.004848693280237,2.986002540850848
113,Gloucester,2959,4,0.0013518080432578573,2.2483625719997167,2.8560913228016007
115,Gloucester,21149,18,8.511040711144735e-4,21.66878322231011,17.44050590878688
116,Camden,6716,4,5.955926146515784e-4,5.704203377629157,4.110287606880182
117,Camden,2004,0,0,1.1465403697224854,0.7209422334757473
118,Gloucester,4169,2,4.797313504437515e-4,3.9163774648318475,2.38881466841985
119,Camden,7514,3,3.992547245142401e-4,8.235339790149599,3.8243239011386025
120,Camden,4582,2,4.3649061545176777e-4,3.1923848502566963,2.131623035855643
121,Camden,854,0,0,1.098304448019796,0.5010107645446096
122,Camden,8661,4,4.618404341300081e-4,7.548788441236999,4.515830227111992
123,Camden,11248,4,3.5561877667140827e-4,9.682218018955828,4.952664180479436
124,Camden,3964,1,2.522704339051463e-4,2.9323912080921213,1.6009879422106754
125,Camden,11345,4,3.5257822829440284e-4,9.551478851519452,4.9416728917896595
126,Camden,5553,2,3.601656762110571e-4,9.080198572483956,3.385966302005555
127,Camden,2920,1,3.4246575342465754e-4,5.829894647331307,3.0485644428651266
128,Burlington,1741,9,0.005169442848937392,1.9054752793587448,5.8578476437418034
129,Camden,13912,16,0.0011500862564692352,12.273082230216504,15.052999636322433
130,Camden,14539,5,3.4390260678175943e-4,15.75626677507939,6.318327626158845
133,Ocean,28804,10,3.4717400361060965e-4,21.18198819523781,10.823255252561548
135,Ocean,11226,6,5.344735435595938e-4,7.354154840728204,6.600778632286401
138,Camden,70965,144,0.002029169308814204,88.88175310408266,139.2983869156691
140,Camden,3719,11,0.0029577843506318905,5.4046519590694535,9.290733403924202
141,Camden,74002,91,0.0012296964946893326,101.01162670178823,93.23695821286803
142,Burlington,18642,30,0.0016092693916961698,19.41942915765259,28.6202124078006
143,Burlington,1499,1,6.6711140760507e-4,1.5075801488812837,1.2097325084087582
145,Burlington,10154,8,7.878668505022651e-4,18.56476641448114,8.286765633413962
146,Ocean,41815,100,0.0023914863087408826,114.30749094989693,98.06996381052906
147,Burlington,12232,19,0.001553302812295618,9.52993060106503,17.007774405955242
148,Camden,35660,16,4.48681996634885e-4,44.87577384566816,18.43196981844243
149,Burlington,6010,1,1.6638935108153079e-4,4.539618751661324,1.8807155450740205
150,Burlington,41422,42,0.001013953937521124,40.92479559495604,41.7048838356326
151,Burlington,27169,24,8.833597114358276e-4,20.04274649858094,23.085052759924004
152,Burlington,9563,1,1.0456969570218551e-4,7.098068925070191,2.7027139414397277
153,Burlington,20449,63,0.0030808352486674166,16.622120193831577,56.485716500342214
154,Burlington,7189,3,4.173042147725692e-4,5.564414159088683,3.5842730328172956
156,Burlington,2705,9,0.0033271719038817007,2.8702811918994167,6.661748722683745
157,Burlington,5989,3,5.009183503088997e-4,3.510662495117045,3.2506963787248777
158,Burlington,16416,27,0.001644736842105263,15.327340632611312,25.067989982265196
159,Burlington,701,1,0.0014265335235378032,0.5158328166082363,0.6581378603147107
160,Burlington,16548,3,1.8129079042784627e-4,12.643561021154786,4.5678331483035715
161,Burlington,8672,5,5.765682656826568e-4,4.612944018636926,4.925680652745534
162,Burlington,7857,1,1.2727504136438844e-4,6.484138882747207,2.823824950287404
163,Ocean,43503,162,0.0037238811116474726,190.4628788813714,157.1808304815628
164,Burlington,31662,30,9.475080538184574e-4,47.439914956001836,31.845535275189725
165,Ocean,396,0,0,3.6563427780266378,0.9409834848741997
166,Ocean,92325,166,0.0017979962090441375,92.13139013979175,159.71891453772767
167,Burlington,4469,4,8.950548221078541e-4,4.791912237364731,3.977170211743038
168,Burlington,2267,1,4.411116012351125e-4,1.5962933017277778,1.2798077673647228
169,Burlington,8692,4,4.601932811780948e-4,10.296604873763686,5.725979107939336
170,Burlington,3275,2,6.106870229007634e-4,2.316004005221634,1.6836534024996055
171,Ocean,1048,0,0,2.5449440033307007,1.0073307883597027
172,Ocean,18598,27,0.0014517690074201527,14.782523703375464,25.45107218329143
173,Burlington,9815,4,4.075394803871625e-4,8.807776425066015,4.780453023080218
174,Ocean,4537,5,0.001102049812651532,4.980639361777349,4.666713288588607
175,Ocean,102466,198,0.0019323482911404758,163.50187171572588,192.3389336288376
176,Burlington,22586,82,0.0036305676082529,19.736427574021366,74.29251219360255
178,Burlington,8533,9,0.001054728700339857,14.383231939360087,8.867159241465025
179,Burlington,12552,7,5.576800509878904e-4,10.54000749757273,7.163868006733695
180,Ocean,8513,5,5.873370139786209e-4,4.957449139521903,4.588125805830347
181,Ocean,75342,146,0.001937830161131905,75.24111924547407,139.5439591711473
182,Burlington,7526,1,1.3287270794578793e-4,3.7202077572233923,2.2995657891705763
184,Burlington,752,1,0.0013297872340425532,0.3176629247457811,0.44494703296931454
185,Burlington,3823,6,0.0015694480774261052,3.8176577055623495,5.068108856026721
187,Burlington,7506,0,0,6.472612526847737,1.9315559373771223
189,Ocean,56968,74,0.001298974863081028,54.616092616125634,71.46079478610127
191,Burlington,11967,5,4.178156597309267e-4,8.953105904287773,5.447272282238933
203,Mercer,83412,77,9.231285666330984e-4,115.28145203214939,80.82757863328776
207,Mercer,87424,186,0.002127562225475842,99.62940184479393,178.3942997199635
223,Middlesex,3649,3,8.22143052891203e-4,3.7517410850904205,2.778544019508147
225,Mercer,27937,28,0.0010022550739163117,22.59720506760181,27.77400142155767
231,Middlesex,5921,6,0.0010133423408208073,5.572411445809291,6.0050481310955925
233,Middlesex,23028,23,9.987840889352094e-4,17.62360939611786,22.851129582472502
236,Middlesex,44306,127,0.0028664289261048164,139.59733445664034,124.14373231065305
237,Hunterdon,3822,3,7.849293563579278e-4,4.675546453095104,3.3607798561775755
238,Middlesex,2475,4,0.0016161616161616162,2.4159849888419402,3.649115598181215
239,Mercer,31000,18,5.806451612903225e-4,40.88626017210682,19.300825230093015
243,Somerset,636,0,0,0.9700769183264251,0.540314068870863
244,Middlesex,8269,4,4.837344297980409e-4,11.405955878394716,5.029583645578706
245,Hunterdon,614,0,0,1.5697617638862558,0.6574905298136757
246,Mercer,18067,8,4.4279625837161677e-4,17.44755689690238,8.914470378178146
247,Hunterdon,2757,4,0.0014508523757707653,2.9434155649435945,3.251175600806225
250,Middlesex,45400,32,7.048458149779736e-4,44.14767999833779,33.146201097524305
256,Middlesex,6998,4,5.715918833952558e-4,5.697029118318184,4.421219684446836
257,Middlesex,65782,84,0.001276945060958925,71.48859894071555,82.36918615605462
258,Middlesex,16001,10,6.249609399412537e-4,15.704109204341677,11.004048264396317
259,Somerset,23045,6,2.603601648947711e-4,20.120051095606357,7.9689502934163245
260,Middlesex,41760,54,0.001293103448275862,60.26907435783561,55.4409995727416
261,Middlesex,47819,62,0.001296555762353876,52.446119319709844,60.60428121197006
262,Hunterdon,3890,0,0,5.786920255022544,1.7215474785175882
263,Middlesex,8772,18,0.002051983584131327,11.936529140733422,16.770427200114042
264,Somerset,498,0,0,0.6821854598168603,0.5486241746688847
265,Middlesex,55960,80,0.0014295925661186562,113.38964594890152,85.15865416105241
266,Middlesex,44292,42,9.48252506095909e-4,52.47075454216806,42.67618534716066
267,Middlesex,13883,9,6.482748685442628e-4,13.36960855113135,9.89832913515012
268,Hunterdon,4608,3,6.510416666666666e-4,6.10075721078896,4.252745392916775
269,Hunterdon,4455,2,4.489337822671156e-4,5.281996027241162,2.4940340863337993
270,Hunterdon,1464,0,0,1.264850506794921,0.6383929588343121
271,Middlesex,51678,137,0.0026510313866635704,133.74691647502692,141.73979887692502
272,Somerset,65554,146,0.0022271714922048997,108.27524094758846,143.51923464395514
273,Middlesex,14048,3,2.1355353075170843e-4,17.80886158917432,5.5824120525385785
274,Somerset,10230,7,6.842619745845552e-4,15.299668848090242,8.249627949777004
275,Somerset,4534,3,6.616674018526688e-4,5.878180976271964,4.058497359333985
276,Somerset,39542,76,0.001922006979920085,38.39021091785893,72.13813508309148
277,Hunterdon,1298,1,7.704160246533128e-4,1.4796594988530545,0.8897113870520335
278,Hunterdon,22129,22,9.941705454381128e-4,22.689724794079744,21.317584622790605
279,Somerset,12085,7,5.792304509722797e-4,17.204309184016747,8.824744762382476
280,Somerset,10288,13,0.0012636080870917575,18.327158813021526,14.541897096553772
281,Somerset,7865,16,0.00203432930705658,10.385116246250766,15.273469102044231
282,Middlesex,56884,38,6.680261584979959e-4,105.32146282240906,41.90571668494912
283,Middlesex,23956,38,0.001586241442644849,37.81742551312311,38.18003015282852
284,Middlesex,23589,29,0.001229386578489974,50.38757893494667,31.475727340253176
285,Middlesex,100447,240,0.002389319740758808,163.09224813412806,236.72987573025534
286,Union,29543,33,0.0011170158751650137,57.68420927845031,35.26527929999678
287,Hunterdon,3348,0,0,4.412511158704608,1.1634639170312175
288,Somerset,7114,33,0.0046387405116671354,12.601361994107759,30.750658166613803
289,Union,1623,0,0,2.378934605534378,1.0208965594272656
290,Union,15748,28,0.001778003556007112,26.845800516171728,27.289126238496156
291,Hunterdon,5133,0,0,5.784847184046006,1.5170700438306643
292,Somerset,21501,36,0.0016743407283382169,34.459808485924604,36.75335357301572
293,Union,50362,113,0.0022437552122632144,125.06913525542116,115.54871326578035
294,Hunterdon,2686,1,3.7230081906180194e-4,2.45784728046919,1.4972598755344693
295,Hunterdon,4785,0,0,6.179995658528575,1.6219928572291686
296,Somerset,44467,69,0.0015517125059032542,60.179472552373824,67.81956937842153
297,Hunterdon,1856,0,0,1.6064589735739405,0.883024420900818
298,Union,7660,12,0.001566579634464752,9.666266902704514,12.225646866212017
299,Union,42222,114,0.0027000142106011083,90.23031229886628,112.35861809302051
300,Union,4338,2,4.610419548178884e-4,6.290897527787815,3.1341232891666015
301,Union,21637,20,9.243425613532375e-4,54.243202869188,22.61643869840195
302,Somerset,6039,15,0.0024838549428713363,11.395289500585372,13.643352658830704
303,Hunterdon,729,0,0,0.5444997702723414,0.2634364459532709
304,Union,13581,10,7.363228039172373e-4,22.63850373473593,11.778583472526758
305,Somerset,15720,14,8.905852417302799e-4,21.393594034665625,14.317479351239989
307,Union,24014,96,0.003997668026984259,41.29576429282372,90.50418380841604
308,Union,24205,15,6.197066721751704e-4,32.16414148891358,16.419934220748544
309,Hunterdon,5560,21,0.003776978417266187,8.388150154331587,17.78847230438135
310,Hunterdon,3500,0,0,2.92294717689862,1.2738386375606032
311,Union,29877,42,0.0014057636308866352,37.71879630778118,41.127020935135285
313,Union,8161,8,9.802720254870727e-4,15.667880266933192,9.1399792572884
314,Union,128333,422,0.0032883202294031934,348.60139959419377,424.86028998723236
315,Hunterdon,12787,5,3.910221318526629e-4,16.458644531444676,6.282435774599339
316,Union,13310,59,0.004432757325319309,22.029365070946866,55.60103337559989
317,Union,6826,7,0.0010254907705830648,15.294063301025744,7.695978762281314
318,Hudson,65091,76,0.0011675961346422701,128.55280279688122,78.73854634890834
319,Hunterdon,3881,1,2.576655501159495e-4,3.332978170678938,1.7066677279908389
321,Hunterdon,1488,0,0,1.3128737312034406,0.633537782196659
322,Union,13049,7,5.364395739137098e-4,16.154734575193253,8.222807964739827
323,Union,17406,22,0.0012639319774790303,30.528683533940164,22.78848022527881
324,Hunterdon,1309,0,0,1.4933506824019394,0.5314118157268227
326,Union,58297,71,0.0012179014357514108,166.14054675892007,76.0865389957434
328,Somerset,860,0,0,0.8798464553154925,0.4951553515740222
329,Somerset,8045,4,4.972032318210068e-4,10.67290787785173,5.023023961239874
330,Hunterdon,1139,0,0,0.6407212548379794,0.3327237036423325
331,Union,21913,17,7.757951900698216e-4,26.35395740319205,17.996780170837038
332,Somerset,2575,1,3.883495145631068e-4,3.6089701116915722,1.7016059151171492
333,Hunterdon,5812,1,1.7205781142463867e-4,5.802628671009955,1.6405853828778303
334,Somerset,7678,4,5.209690023443605e-4,6.031353538808177,4.355855586244273
335,Hudson,53193,31,5.827834489500498e-4,59.86443111744584,34.49736418561521
336,Essex,24784,27,0.0010894125242091673,40.5296503815857,28.219659812334385
337,Essex,20148,6,2.977963073257892e-4,22.900348032777053,8.095539310803167
338,Essex,16521,5,3.0264511833424126e-4,29.549534145100363,7.738115780738645
341,Hudson,14604,23,0.0015749109832922487,24.553718128116135,23.53299897491462
342,Hudson,68226,202,0.002960748101896638,168.3527828711944,205.08784712303282
343,Hudson,41412,92,0.0022215782864870087,105.83936794475567,93.0623506602247
344,Hunterdon,6124,0,0,7.178516538847048,1.6881045903341252
345,Essex,64374,231,0.0035884052567806877,147.73735243724693,224.77925161934948
346,Essex,30484,92,0.003017976643485107,84.02356012597518,92.49295475188269
348,Hudson,52662,142,0.0026964414568379476,138.35082589511677,145.2222687191995
349,Hudson,11317,32,0.002827604488822126,21.845108274578408,31.84225980593162
352,Hudson,20125,50,0.002484472049689441,48.46953198535309,49.973776204105604
353,Essex,36181,66,0.0018241618529062215,92.91364442013878,68.02572366833971
354,Essex,29846,70,0.0023453729142933724,68.67039345363364,71.16813776620893
356,Hudson,61619,162,0.002629059218747464,150.7228854027974,164.10577929966394
357,Essex,47359,186,0.003927447792394265,120.16403383399624,180.8304425148114
359,Essex,7584,9,0.0011867088607594937,7.660352965743552,8.828275659658129
361,Essex,2110,2,9.478672985781991e-4,3.3397403374357078,2.415005236640647
363,Essex,28478,36,0.0012641337172554252,52.311308495651744,37.01184328290942
364,Essex,5834,14,0.0023997257456290708,15.495549820533752,14.263415811169802
368,Essex,7969,11,0.0013803488518007278,13.950507698486883,11.18680848043968
370,Essex,49260,69,0.0014007308160779537,95.73082737257354,70.639229274673
371,Essex,13437,14,0.0010418992334598498,24.025010922197364,14.842944735464396
378,Essex,38427,52,0.0013532151872381398,55.5666254729393,52.55499987194455
381,Essex,10858,48,0.004420703628660895,19.923015181573636,44.043346691150475
390,Essex,6615,4,6.046863189720333e-4,9.902320402709346,4.84713833273057
399,Essex,7486,17,0.0022709056906224955,20.171889194059947,16.747069789854045
400,Sussex,7974,3,3.762227238525207e-4,6.729457201056662,3.4101017318026425
409,Sussex,3346,1,2.9886431560071725e-4,3.956264526175138,2.1021116465430656
433,Sussex,14281,7,4.901617533786149e-4,15.029270093282243,7.822359637118783
434,Sussex,589,0,0,0.5104403395583523,0.300934383072735
437,Sussex,3484,0,0,4.7540549711675375,1.5146496346480256
462,Sussex,3197,1,3.1279324366593683e-4,5.986689181361961,2.0261024963130314
468,Sussex,2317,2,8.631851532153647e-4,2.4194398682895795,1.8476224920163975
470,Sussex,18720,12,6.41025641025641e-4,19.398598058630828,12.171891902456283
472,Sussex,4778,2,4.185851820845542e-4,5.439106358432487,2.5151784943196773
473,Sussex,786,0,0,1.131223025892337,0.47501274089455264
474,Sussex,3148,1,3.176620076238882e-4,4.354458219248153,2.073792886498402
475,Sussex,2328,0,0,3.717998045499853,1.1698299923271105
477,Sussex,7849,3,3.822142948146261e-4,11.99238772295714,4.106025732705926
480,Sussex,1870,1,5.347593582887701e-4,1.8959721544387005,1.3257110451335044
481,Sussex,5340,23,0.004307116104868914,10.590397757330255,19.550961960292245
482,Sussex,1999,1,5.002501250625312e-4,2.655371953763884,1.184028348732118
483,Sussex,22216,6,2.700756211739287e-4,23.341147772628176,7.396868411792986
484,Sussex,10925,1,9.153318077803204e-5,16.73067102503611,3.031842193790707
486,Union,21928,31,0.0014137176213060926,53.26677805436309,32.916912588506705
487,Hudson,17213,22,0.0012781037587869634,30.331056347491685,23.689357275409744
488,Hudson,2644,8,0.0030257186081694403,10.127392305297997,8.735071658456288
489,Essex,54079,162,0.00299561752251336,129.99422334685173,160.09800200955564
490,Essex,281054,664,0.0023625353134984735,627.7107846231204,665.4349916796516
491,Hudson,261940,516,0.0019699167748339313,511.26148443549516,521.5314400357839
492,Sussex,7910,12,0.0015170670037926676,14.86095432054172,11.859967126504696
493,Sussex,4879,3,6.148800983808157e-4,7.681767890923929,3.5087971312997754
494,Sussex,3911,0,0,5.9431770161695425,1.3107189213589827
495,Hunterdon,3752,2,5.330490405117271e-4,4.587244711659713,2.253093125678587
496,Hunterdon,15897,5,3.145247530980688e-4,18.504038441098263,6.350574393281824
498,Morris,10299,33,0.003204194581998252,13.419087565424466,30.126762841642357
499,Morris,16377,17,0.0010380411552787447,21.232931522348586,17.386141250579627
508,Morris,11072,16,0.001445086705202312,24.616914517899605,17.16322170676819
509,Morris,18429,12,6.511476477291225e-4,21.23267225797701,12.660675709449364
512,Morris,25549,21,8.219499784727387e-4,25.108383960929498,20.927503295707545
514,Morris,52407,76,0.0014501879519911462,79.34324902322741,75.44459051747874
515,Morris,17977,58,0.0032263447738777326,42.3691839938768,58.675718430889745
519,Morris,8398,25,0.002976899261728983,10.570074703309839,22.709572041332464
525,Morris,4292,1,2.3299161230195712e-4,5.732842809043684,2.242281811303159
528,Morris,7679,4,5.209011590050788e-4,10.097281532118473,5.062199978666233
529,Morris,25069,11,4.3878894251864854e-4,31.815740439173826,12.65099578242267
530,Morris,21035,8,3.8031851675778466e-4,22.287622933718524,9.286701508146882
531,Atlantic,8362,25,0.00298971537909591,9.04239851172514,21.750036661542016
532,Somerset,14480,6,4.143646408839779e-4,12.65625534879903,6.64051548299483
533,Atlantic,20301,20,9.851731441800897e-4,32.34176858653373,22.236408579547657
534,Atlantic,42714,24,5.618766680713583e-4,36.45614857630247,24.73562959121545
536,Atlantic,4100,2,4.878048780487805e-4,4.273429543948341,2.369400977561223
537,Atlantic,14139,56,0.003960676143998868,13.601933186936888,49.10388737088942
538,Atlantic,5925,1,1.6877637130801687e-4,3.5147306258137463,1.5931970075922752
539,Somerset,27082,42,0.0015508455800900967,31.088697652202537,40.46575948611998
543,Middlesex,100089,144,0.0014387195396097473,187.61478834122633,146.87033906113413
544,Cumberland,1012,0,0,0.9281597313714038,0.4865158256721753
545,Cumberland,6090,1,1.6420361247947455e-4,8.88721399853123,2.723169887925569
546,Cumberland,7484,2,2.672367717797969e-4,9.46814330904994,3.0922064935891393
547,Salem,8898,2,2.247696111485727e-4,7.7132526063909035,3.1006562469604924
550,Camden,29212,98,0.003354785704504998,35.91706458402694,91.46987758490164
551,Burlington,45135,47,0.0010413204829954582,38.840138498917604,45.9305958268772
553,Burlington,7548,1,1.3248542660307367e-4,12.577774422081525,3.4911748745737126
554,Atlantic,36094,36,9.973956890341885e-4,34.69947616379363,34.73920041628902
555,Cape May,5042,2,3.966679888932963e-4,3.047078206991737,2.4136736499931333
556,Burlington,23312,11,4.7185998627316403e-4,19.536761180095066,11.27998096556388
561,Middlesex,7252,9,0.0012410369553226695,6.898727339417114,8.502964675300738
562,Middlesex,13662,19,0.0013907187820231298,20.699328265814948,19.238777799627567
563,Morris,8816,9,0.0010208711433756805,8.036445546312985,8.70748543401751
565,Sussex,3681,4,0.0010866612333604998,5.222241119505114,3.234149966753192
52,Ocean,1049,NA,NA,2.1625211470881625,1.1657494279493503
56,Ocean,1271,NA,NA,4.204300128711745,2.2756943209735847
59,Ocean,3056,NA,NA,9.471836923529246,4.36704683256349
71,Salem,7734,55,0.0071114559089733645,10.59616860067495,47.596257987412116
74,Ocean,369,NA,NA,2.053148706908411,0.8380428949148951
83,Camden,5,NA,NA,0.5007787865723105,0.15915571223900604
94,Ocean,9003,NA,NA,13.660645178154564,8.15574133234704
114,Camden,2,NA,NA,0.9183897238110039,3.3899857694836504
131,Ocean,1601,NA,NA,1.406245741801505,1.5147844568868938
132,Ocean,1628,NA,NA,2.352320642578739,1.3923762722056954
134,Ocean,2278,NA,NA,2.2886329697288548,2.1570544646909817
136,Ocean,3648,NA,NA,3.2312721304144003,5.485151086101893
137,Ocean,1497,NA,NA,2.184450033597768,1.941139804996535
139,Ocean,2892,NA,NA,2.084656277100608,2.5813803630295644
144,Ocean,2155,NA,NA,7.578003400874199,4.107692109320797
155,Ocean,2684,NA,NA,1.8666915965680697,2.661945303184542
177,Monmouth,4697,NA,NA,5.39910003040962,5.6334952313096
183,Monmouth,1655,NA,NA,3.224857794599979,2.003771089802881
186,Monmouth,4564,NA,NA,7.430505866392649,6.625881070719934
188,Monmouth,2927,NA,NA,11.143661878934788,8.33347227788929
190,Monmouth,1740,NA,NA,1.5427649118473246,2.0263675131018335
192,Monmouth,1892,NA,NA,1.3204470309906156,1.1418179082194726
193,Monmouth,5624,NA,NA,5.508479940208487,5.26016673805508
194,Monmouth,1789,NA,NA,2.939120514816352,2.2099629009603627
195,Monmouth,1299,NA,NA,1.1214150021060196,0.9568263789028585
196,Monmouth,4672,NA,NA,3.886660878440984,3.67101465238268
197,Monmouth,6940,NA,NA,6.422790810422525,4.087275625887951
198,Monmouth,15597,NA,NA,17.62501929141744,23.104152997496417
199,Monmouth,230,NA,NA,0.3029279602036997,0.21883294716475482
200,Monmouth,854,NA,NA,0.9141623188228678,0.5689425689102945
201,Monmouth,475,NA,NA,0.7064024984045191,0.39044152978397767
202,Monmouth,749,NA,NA,2.2043595420646835,2.695018040405012
204,Monmouth,51959,NA,NA,41.909180189273286,35.65370162694414
205,Monmouth,519,NA,NA,1.7513931989251548,0.9804164856186599
206,Mercer,14365,NA,NA,9.63607913717726,9.104047358789732
208,Monmouth,11797,NA,NA,22.76790528551486,41.94910345450355
209,Monmouth,10443,NA,NA,6.6417681961140245,5.854677877627469
210,Monmouth,26709,NA,NA,34.17112277582934,26.496398257645293
211,Mercer,5375,NA,NA,8.491919375083466,9.357324482029506
212,Mercer,36037,NA,NA,43.9518467137938,34.30522211541701
213,Monmouth,34945,NA,NA,42.390107815655824,40.88697797890305
214,Mercer,27245,NA,NA,32.59432537205355,32.814337475588786
215,Monmouth,2119,NA,NA,2.3857876140992116,2.248375098291712
216,Monmouth,7908,NA,NA,10.845255471115818,10.690703701908957
217,Monmouth,12214,NA,NA,14.00591574394473,12.539114178330388
218,Monmouth,1032,NA,NA,1.2922395994204925,1.882119872704691
219,Monmouth,30516,NA,NA,42.7436467370569,53.45564731954118
220,Mercer,2531,NA,NA,3.7455908704263057,2.9818546516388196
221,Monmouth,17632,NA,NA,34.43778864489306,29.393422684700862
222,Monmouth,4086,NA,NA,7.4841059664226455,8.398409331472845
224,Monmouth,5725,NA,NA,7.5687638236064565,5.694319335781259
226,Monmouth,39702,NA,NA,37.62830738665139,29.383721143962177
227,Monmouth,9895,NA,NA,8.592770681444538,6.335522146326132
228,Monmouth,3212,NA,NA,5.8479234259869735,6.241235064798164
229,Monmouth,5844,NA,NA,6.799860959049853,7.267892709999562
230,Mercer,32614,NA,NA,37.68736540171688,35.047987208232726
232,Monmouth,12072,NA,NA,21.378395683500518,29.28460092521604
234,Monmouth,5873,NA,NA,5.273350341195132,6.766077421523243
235,Monmouth,6792,NA,NA,5.265201585948331,5.254322680258016
240,Monmouth,39982,NA,NA,43.968811842176706,52.895126984321124
241,Mercer,1915,NA,NA,1.6339187068742873,1.456132863700752
242,Monmouth,1337,NA,NA,1.4678701721221925,1.0315708263212104
248,Monmouth,16609,NA,NA,24.831574726225835,18.74602296043715
249,Monmouth,8747,NA,NA,10.82700567363226,11.000140320164286
251,Monmouth,7034,NA,NA,10.543351715789031,9.974907927778961
252,Monmouth,65336,NA,NA,69.39923610379047,50.62858314238767
253,Monmouth,19844,NA,NA,26.642251019052665,19.688411214733968
254,Monmouth,9735,NA,NA,10.912772905919645,11.588812790933007
255,Monmouth,5390,NA,NA,6.142307800624605,6.394998642575284
306,Warren,2082,NA,NA,3.042426677113273,1.708266289852104
312,Warren,3208,NA,NA,2.8976693144689687,1.4817484960341671
320,Warren,14344,NA,NA,19.966740263286468,16.57231501718868
325,Warren,5480,NA,NA,4.934521813352912,3.751467828750774
327,Warren,8295,NA,NA,15.16469372415533,8.79302004567158
339,Warren,3050,NA,NA,3.133916437104315,1.6743015816060691
340,Warren,6490,NA,NA,7.058948157042207,5.43627965382768
347,Warren,2737,NA,NA,3.0240129253782264,1.4356455842258886
350,Warren,6395,NA,NA,7.014699798370442,4.438497964373119
351,Bergen,15677,NA,NA,34.20880977632974,34.118435025108845
355,Bergen,22298,NA,NA,39.93557780438905,35.812341720038745
358,Bergen,14258,NA,NA,31.756119742008725,50.2495646188002
360,Warren,2431,NA,NA,2.5710032946328267,1.4531856799270793
362,Bergen,25126,NA,NA,65.30919142393962,73.28785744611082
365,Warren,2590,NA,NA,2.4787421918341552,1.215916290186671
366,Bergen,18398,NA,NA,28.22881825214982,28.970476674691472
367,Bergen,11227,NA,NA,15.36646184623116,16.987021748500958
369,Bergen,12403,NA,NA,19.33484111955741,35.981857133428484
372,Bergen,6178,NA,NA,14.2964009183558,12.269688131707753
373,Bergen,9584,NA,NA,17.389552787100083,17.018861765296336
374,Bergen,2716,NA,NA,6.819770019719965,5.594128640838022
375,Bergen,20604,NA,NA,41.51403756404368,61.82805091038997
376,Warren,7397,NA,NA,8.743387959683652,5.330628771038021
377,Bergen,10782,NA,NA,19.733384043606033,21.690085179911378
379,Bergen,11540,NA,NA,17.2570821092179,15.780082606312837
380,Bergen,8769,NA,NA,11.407559514104573,12.826414820526692
382,Bergen,12922,NA,NA,23.14421515767543,27.237260292890813
383,Bergen,37430,NA,NA,115.70752804814457,149.98741587827465
384,Bergen,2625,NA,NA,5.3110613815852385,5.820800477895941
385,Bergen,12082,NA,NA,22.426427355270526,23.36733380490759
386,Warren,4696,NA,NA,23.982148575732158,7.571805000414035
387,Passaic,70019,NA,NA,211.81779796827698,318.2721359659312
388,Bergen,9086,NA,NA,19.880883846391797,24.106615962356415
389,Essex,12516,113,0.00902844359220198,37.74985814783624,104.00351252016463
391,Warren,9485,NA,NA,14.58249775226707,10.051365470961116
392,Bergen,8360,NA,NA,15.221245380924787,17.907373883264285
393,Passaic,14483,NA,NA,23.978978643327306,20.64195131704029
394,Bergen,31645,NA,NA,50.54987587041457,62.27729773283868
395,Bergen,24430,NA,NA,50.50316967702957,61.61661881804114
396,Warren,2829,NA,NA,3.019477464811765,1.5963238130778912
397,Bergen,5371,NA,NA,19.20914838201764,34.92840728018078
398,Passaic,12547,NA,NA,32.29771677515779,29.113174140522677
401,Bergen,44339,NA,NA,96.86953794734889,135.37221219411225
402,Bergen,28353,NA,NA,52.15787848040738,64.96328418565564
403,Bergen,40458,NA,NA,93.08626922676261,97.59715605100658
404,Bergen,9661,NA,NA,22.491227660051315,24.309742130991012
405,Bergen,5597,NA,NA,18.964209051752917,22.89647096016361
406,Bergen,13845,NA,NA,32.37543191789703,38.283768625485486
407,Bergen,20059,NA,NA,41.02529981085661,48.60181304528478
408,Passaic,10828,NA,NA,25.033202361393098,23.295954804058553
410,Warren,5450,NA,NA,6.463236696715817,4.000039417023223
411,Bergen,14632,NA,NA,18.389355047036926,24.635226323041703
412,Bergen,27373,NA,NA,62.79025883818482,73.56462682783103
413,Passaic,145710,NA,NA,406.3496944483108,612.6261883895322
414,Bergen,11500,NA,NA,15.304999593580566,19.16747568100249
415,Warren,1737,NA,NA,2.815975479066201,1.5978335574519804
416,Passaic,5865,NA,NA,12.665735013299644,18.202666033961968
417,Passaic,8325,NA,NA,15.854259771761471,19.679977470822134
418,Bergen,16545,NA,NA,29.82166276975004,30.883923741466457
419,Bergen,33017,NA,NA,48.854979245592865,47.45213212387143
420,Bergen,8699,NA,NA,14.016873017124789,22.865198532981232
421,Bergen,17624,NA,NA,27.748583795207548,28.12172778979844
422,Warren,4597,NA,NA,6.375315558053931,3.803412399893421
423,Bergen,4942,NA,NA,7.66772178420795,11.50492250534085
424,Bergen,8141,NA,NA,11.80091640887878,10.806109169952922
425,Bergen,3418,NA,NA,6.662866745858436,12.407292088174366
426,Bergen,11780,NA,NA,13.983916338799986,13.906986156358192
427,Passaic,8437,NA,NA,16.697632124460494,16.47655748046127
428,Bergen,26503,NA,NA,76.51797838887948,75.13528240823187
429,Passaic,18784,NA,NA,34.56104726956229,36.85765567537952
430,Bergen,8565,NA,NA,11.852470524860696,17.488221608274266
431,Bergen,7596,NA,NA,12.013291117756197,12.742752253549941
432,Warren,2946,NA,NA,5.582893799043723,2.595582665335798
435,Bergen,11115,NA,NA,20.633664294526245,27.34713368261367
436,Bergen,9237,NA,NA,14.997889805211072,11.439221503160171
438,Bergen,1547,NA,NA,4.169847814261288,2.9818732585426257
439,Bergen,4753,NA,NA,6.52250805699842,8.042256835158854
440,Bergen,25179,NA,NA,31.00937802945659,35.594924287994
441,Bergen,7244,NA,NA,11.733749815633983,12.21621135184488
442,Bergen,4094,NA,NA,4.172059513535658,5.185565469793718
443,Bergen,5812,NA,NA,10.891776194223155,11.059940155896399
444,Passaic,53954,NA,NA,93.27281806566819,75.24371509031769
445,Bergen,625,NA,NA,13.316989210460452,3.926105775942575
446,Warren,2344,NA,NA,4.010826110110993,1.7215332434059432
447,Bergen,10346,NA,NA,12.03925159052494,11.489863437578563
448,Bergen,9986,NA,NA,17.56204291819689,21.948878343831144
449,Bergen,4862,NA,NA,4.9675458542050155,5.778837828759543
450,Passaic,11029,NA,NA,15.296067524236708,15.534634387863047
451,Bergen,17017,NA,NA,24.66575524378274,19.070388925202423
452,Bergen,5914,NA,NA,8.41026736005216,9.075214625170668
453,Warren,5732,NA,NA,11.883276225946243,6.564375279276002
454,Bergen,10946,NA,NA,17.549319865172315,17.836624460894345
455,Bergen,9995,NA,NA,13.048171073834613,11.29644941976617
456,Bergen,6765,NA,NA,6.639182440300447,6.478232194020375
457,Bergen,5832,NA,NA,6.760470591239457,6.773801734891819
458,Bergen,8766,NA,NA,15.09102942308313,12.993223415323119
459,Bergen,3192,NA,NA,8.08711491185457,6.626772738991425
460,Bergen,12972,NA,NA,14.417975544380017,12.317685418135182
461,Passaic,8088,NA,NA,9.604863963938904,7.813381648534542
463,Passaic,11709,NA,NA,22.608306656646654,16.099431033516204
464,Bergen,8489,NA,NA,10.089494918953337,9.405308741347968
465,Bergen,14940,NA,NA,16.483256863576855,16.124844892736764
466,Sussex,5949,115,0.01933097999663809,12.604524863195307,97.17322435898166
467,Bergen,8227,NA,NA,9.725589705568474,14.770379696335386
469,Warren,1547,NA,NA,2.8444065555035425,1.6829711225761605
471,Bergen,26275,NA,NA,37.6536994865513,31.553932496720424
476,Passaic,12251,NA,NA,14.368886949960649,12.478952651291143
478,Sussex,6,0,0,0.9765543444000431,0.22851057235277195
479,Passaic,26404,NA,NA,28.357265559888663,20.329116448219345
485,Monmouth,4193,NA,NA,4.8305584453851855,5.188831681094352
497,Morris,8590,NA,NA,9.487385856384531,6.658690006584028
500,Morris,3806,NA,NA,5.563504936700889,2.3936198276501286
501,Morris,4917,NA,NA,8.041071868489306,5.178065449109955
502,Morris,1653,NA,NA,2.481883726174154,1.7567810317968453
503,Morris,18909,NA,NA,31.246588035086592,44.41691205033572
504,Morris,5755,NA,NA,5.359629311672868,4.2234454539361845
505,Morris,22268,NA,NA,39.378144969810656,32.84528153341846
506,Morris,7783,NA,NA,6.520290027805996,4.669078044372226
507,Morris,14399,NA,NA,25.71084439516493,27.511978046473434
510,Morris,5748,NA,NA,8.658905718740796,10.024960814744833
511,Morris,1505,NA,NA,1.751557065691385,2.5208565221044092
513,Morris,3530,NA,NA,5.95234262474837,5.445582746500535
516,Morris,4270,NA,NA,3.417833869013876,2.753016281316148
517,Morris,6384,NA,NA,11.453492381600967,9.676034643868755
518,Morris,6474,NA,NA,11.346210039039056,13.171248282575643
520,Morris,28915,NA,NA,25.03220696388234,19.522222918584106
521,Morris,16606,NA,NA,22.942161438119204,16.798539952914034
522,Morris,22956,NA,NA,29.595355679290247,21.10415948185122
523,Morris,5637,NA,NA,9.37475944160641,8.64194249179617
524,Morris,10262,NA,NA,16.911326458380458,14.160205529059681
526,Morris,21371,NA,NA,28.596876900094315,24.874963346090272
527,Morris,15191,NA,NA,29.50452678124598,21.106989784575383
535,Bergen,102,NA,NA,0.19317272256057666,0.1991527601376894
540,Monmouth,25745,NA,NA,29.894438379134687,19.068596722782285
541,Monmouth,5829,NA,NA,5.577539625800185,4.135479217431478
542,Monmouth,18540,NA,NA,17.655796643485438,19.292950129227695
548,Passaic,85204,NA,NA,216.83601147270235,236.78192698238436
549,Morris,3177,NA,NA,4.3541894311614735,4.337100346314323
552,Morris,11623,NA,NA,24.00473139738462,22.968019927148593
557,Morris,4197,NA,NA,5.500424765837404,5.4826638128887275
558,Morris,10054,NA,NA,11.97706687058964,10.115069742042001
559,Monmouth,4768,NA,NA,5.501980053275064,5.59085527350643
560,Monmouth,4309,NA,NA,4.477405327485584,3.391776665360005
564,Monmouth,27563,NA,NA,47.59704860256348,51.70534312849898
